,PassengerId,Survived,Pclass,Sex,Age,SibSp,Parch,Fare,Cabin,Embarked_C,Embarked_Q,Embarked_S,Prefix
0,1,0,3,1,-0.5924805998028931,1,0,-0.5024451714361923,0.29985443959243085,0,0,1,0.3838383838383838
1,2,1,1,0,0.6387890120425208,1,0,0.7868452935884461,0.3838383838383838,1,0,0,0.3838383838383838
2,3,1,3,0,-0.2846631968415396,0,0,-0.4888542575852486,0.29985443959243085,0,0,1,0.3838383838383838
3,4,1,1,0,0.40792595982150565,1,0,0.4207302360686478,0.46875932984085916,0,0,1,0.6919191919191919
4,5,0,3,1,0.40792595982150565,0,0,-0.4863374216869257,0.29985443959243085,0,0,1,0.1919191919191919
5,6,0,3,1,0.0,0,0,-0.47811642890864375,0.29985443959243085,0,1,0,0.12794612794612795
6,7,0,1,1,1.8700586238879346,0,0,0.395813560675251,0.3838383838383838,0,0,1,0.09595959595959595
7,8,0,3,1,-2.1315676146096605,3,1,-0.22408312108167944,0.29985443959243085,0,0,1,0.3838383838383838
8,9,1,3,0,-0.20770884610120124,0,2,-0.4242561406845337,0.29985443959243085,0,0,1,0.7946127946127945
9,10,1,2,0,-1.2081154057256,1,0,-0.04295550208861426,0.29985443959243085,1,0,0,0.8459595959595959
10,11,1,3,0,-1.9776589131289837,1,1,-0.312172377522981,0.49449093392381804,0,0,1,0.6919191919191919
11,12,1,1,0,2.177876026849288,0,0,-0.11384570873513637,0.3838383838383838,0,0,1,0.7946127946127945
12,13,0,3,1,-0.7463893012835698,0,0,-0.4863374216869257,0.29985443959243085,0,0,1,0.07676767676767676
13,14,0,3,1,0.7157433627828591,1,5,-0.01870931177853076,0.29985443959243085,0,0,1,0.06397306397306397
14,15,0,3,0,-1.2081154057256,0,0,-0.4902797934380587,0.29985443959243085,0,0,1,0.8459595959595959
15,16,1,2,0,1.947012974628273,0,0,-0.3262666585535892,0.29985443959243085,0,0,1,0.8767676767676769
16,17,0,3,1,-2.1315676146096605,4,1,-0.06199888922968463,0.29985443959243085,0,1,0,0.1919191919191919
17,18,1,2,1,0.0,0,0,-0.3866707201133388,0.29985443959243085,0,0,1,0.05483405483405483
18,19,0,3,0,0.1001085568601522,1,0,-0.2859972841804228,0.29985443959243085,0,0,1,0.8973063973063974
19,20,1,3,0,0.0,0,0,-0.5029485386158568,0.29985443959243085,1,0,0,0.7691197691197692
20,21,0,2,1,0.40792595982150565,0,0,-0.12491978668775715,0.29985443959243085,0,0,1,0.17297979797979798
21,22,1,2,1,0.3309716090811673,0,0,-0.3866707201133388,0.3838383838383838,0,0,1,0.1537598204264871
22,23,1,3,0,-1.1311610549852615,0,0,-0.4867562231804066,0.29985443959243085,0,1,0,0.6767676767676767
23,24,1,1,1,-0.1307544953608629,0,0,0.06635974158478332,0.3838383838383838,0,0,1,0.23838383838383836
24,25,0,3,0,-1.6698415101676303,3,1,-0.22408312108167944,0.29985443959243085,0,0,1,0.7306397306397306
25,26,1,3,0,0.6387890120425208,1,5,-0.016444159470040135,0.29985443959243085,0,0,1,0.797979797979798
26,27,0,3,1,0.0,0,0,-0.5029485386158568,0.29985443959243085,1,0,0,0.30762167125803486
27,28,0,1,1,-0.8233436520239081,3,2,4.647001076532463,0.49449093392381804,0,0,1,0.28198653198653195
28,29,1,3,0,0.0,0,0,-0.48977642625839407,0.29985443959243085,0,1,0,0.6262626262626263
29,30,0,3,1,0.0,0,0,-0.4894421904510968,0.29985443959243085,0,0,1,0.2602952602952603
30,31,0,1,1,0.7926977135231975,0,0,-0.09027201697708476,0.29985443959243085,1,0,0,0.3838383838383838
31,32,1,1,0,0.0,1,0,2.301728820789,0.3838383838383838,1,0,0,0.8204264870931538
32,33,1,3,0,0.0,0,0,-0.49237782784290063,0.29985443959243085,0,1,0,0.672979797979798
33,34,0,2,1,2.793510832771995,0,0,-0.43700743807979686,0.29985443959243085,0,0,1,0.2417027417027417
34,35,0,1,1,-0.1307544953608629,1,0,1.0060617003323709,0.29985443959243085,1,0,0,0.2255892255892256
35,36,0,1,1,0.9466064150038742,1,0,0.39858208016340624,0.29985443959243085,0,0,1,0.21148989898989898
36,37,1,3,1,0.0,0,0,-0.5028639729296732,0.29985443959243085,1,0,0,0.19904931669637552
37,38,0,3,1,-0.6694349505432314,0,0,-0.4863374216869257,0.29985443959243085,0,0,1,0.24354657687991021
38,39,0,3,0,-0.9002980027642465,2,0,-0.2859972841804228,0.29985443959243085,0,0,1,0.7093153759820426
39,40,1,3,0,-1.2081154057256,1,0,-0.42207354059350805,0.29985443959243085,1,0,0,0.6383838383838384
40,41,0,3,0,0.7926977135231975,1,0,-0.4576454924460446,0.29985443959243085,0,0,1,0.8383838383838385
41,42,0,2,0,-0.20770884610120124,1,0,-0.22559322262067316,0.29985443959243085,0,0,1,0.7621671258034894
42,43,0,3,1,0.0,0,0,-0.4894421904510968,0.29985443959243085,1,0,0,0.2307283359914939
43,44,1,2,0,-2.054613263869322,1,2,0.18876253192945994,0.29985443959243085,1,0,0,0.6712580348943985
44,45,1,3,0,-0.8233436520239081,0,0,-0.48977642625839407,0.29985443959243085,0,1,0,0.6986531986531986
45,46,0,3,1,0.0,0,0,-0.4863374216869257,0.29985443959243085,0,0,1,0.21919191919191922
46,47,0,3,1,0.0,1,0,-0.3363340021468808,0.29985443959243085,0,1,0,0.20875420875420878
47,48,1,3,0,0.0,0,0,-0.49237782784290063,0.29985443959243085,0,1,0,0.7218337218337219
48,49,0,3,1,0.0,2,0,-0.21191774308354583,0.29985443959243085,1,0,0,0.19926538108356293
49,50,0,3,0,-0.9002980027642465,1,0,-0.29002422161773944,0.29985443959243085,0,0,1,0.6986531986531986
50,51,0,3,1,-1.7467958609079686,4,1,0.1506737441786005,0.29985443959243085,0,0,1,0.12794612794612795
51,52,0,3,1,-0.6694349505432314,0,0,-0.4913710934835715,0.29985443959243085,0,0,1,0.19060166886253843
52,53,1,1,0,1.4852868701862427,1,0,0.8964967865378598,0.8342886191558616,1,0,0,0.644910644910645
53,54,1,2,0,-0.05380014462052453,1,0,-0.12491978668775715,0.29985443959243085,0,0,1,0.6702741702741702
54,55,0,1,1,2.7165564820316566,0,1,0.5995101505357573,0.3838383838383838,1,0,0,0.18265993265993266
55,56,1,1,1,0.0,0,0,0.06635974158478332,0.8342886191558616,0,0,1,0.17535353535353537
56,57,1,2,0,-0.6694349505432314,0,0,-0.43700743807979686,0.29985443959243085,0,0,1,0.7417027417027418
57,58,0,3,1,-0.0922773199906937,0,0,-0.5028639729296732,0.29985443959243085,1,0,0,0.20707070707070707
58,59,1,2,0,-1.9007045623886454,1,2,-0.08968408411123653,0.29985443959243085,0,0,1,0.7589225589225589
59,60,0,3,1,-1.4389784579466152,5,2,0.2958951755118318,0.29985443959243085,0,0,1,0.09595959595959595
60,61,0,3,1,-0.5924805998028931,0,0,-0.5028639729296732,0.29985443959243085,1,0,0,0.19940142162364385
61,62,1,1,0,0.6387890120425208,0,0,0.962353321387736,0.8342886191558616,0,0,0,0.773989898989899
62,63,0,1,1,1.1774694672248893,1,0,1.0323213593611125,0.46875932984085916,0,0,1,0.1922799422799423
63,64,0,3,1,-1.9776589131289837,3,2,-0.08666388103324908,0.29985443959243085,0,0,1,0.07676767676767676
64,65,0,1,1,0.0,0,0,-0.09027201697708476,0.29985443959243085,1,0,0,0.1856495994427029
65,66,1,3,1,0.0,1,1,-0.3414522396297103,0.29985443959243085,1,0,0,0.06397306397306397
66,67,1,2,0,-0.05380014462052453,0,0,-0.43700743807979686,0.9265517349156649,0,0,1,0.6922558922558922
67,68,0,3,1,-0.8233436520239081,0,0,-0.4841568350646187,0.29985443959243085,0,0,1,0.17946127946127946
68,69,1,3,0,-0.977252353504585,4,2,-0.4888542575852486,0.29985443959243085,0,0,1,0.7872846108140226
69,70,0,3,1,-0.2846631968415396,2,0,-0.47400492578514347,0.29985443959243085,0,0,1,0.17367220593027047
70,71,0,2,1,0.17706290760049057,0,0,-0.43700743807979686,0.29985443959243085,0,0,1,0.1682449494949495
71,72,0,3,0,-1.0542067042449232,5,2,0.2958951755118318,0.29985443959243085,0,0,1,0.7991021324354658
72,73,0,2,1,-0.6694349505432314,0,0,0.8314778546749452,0.29985443959243085,0,0,1,0.16314661769207225
73,74,0,3,1,-0.2846631968415396,1,0,-0.3573908580066095,0.29985443959243085,1,0,0,0.15834818775995246
74,75,1,3,1,0.17706290760049057,0,0,0.48910360681684706,0.29985443959243085,0,0,1,0.15382395382395384
75,76,0,3,1,-0.361617547581878,0,0,-0.494391296561559,0.1032300405258567,0,0,1,0.17732884399551066
76,77,0,3,1,0.0,0,0,-0.4894421904510968,0.29985443959243085,0,0,1,0.17253617253617254
77,78,0,3,1,0.0,0,0,-0.4863374216869257,0.29985443959243085,0,0,1,0.16799574694311536
78,79,1,2,1,-2.2216042049758564,0,2,-0.06451572512800753,0.29985443959243085,0,0,1,0.1976911976911977
79,80,1,3,0,0.02315420611981384,0,0,-0.397241430886295,0.29985443959243085,0,0,1,0.7570441254651781
80,81,0,3,1,-0.5924805998028931,0,0,-0.46720946885967163,0.29985443959243085,0,0,1,0.1636881636881637
81,82,1,3,1,-0.05380014462052453,0,0,-0.45714212526638004,0.29985443959243085,0,0,1,0.1595959595959596
82,83,1,3,0,0.0,0,0,-0.49162277707340374,0.29985443959243085,0,1,0,0.7691919191919192
83,84,0,1,1,-0.1307544953608629,0,0,0.29992211294914856,0.29985443959243085,0,0,1,0.18009361911800936
84,85,1,2,0,-0.977252353504585,0,0,-0.43700743807979686,0.29985443959243085,0,0,1,0.7801827801827802
85,86,1,3,0,0.25401725834082894,3,0,-0.32928686163157667,0.29985443959243085,0,0,1,0.711489898989899
86,87,0,3,1,-1.0542067042449232,1,3,0.04370821849987721,0.29985443959243085,0,0,1,0.1758056758056758
87,88,0,3,1,0.0,0,0,-0.4863374216869257,0.29985443959243085,0,0,1,0.1717171717171717
88,89,1,1,0,-0.5155262490625547,3,2,4.647001076532463,0.49449093392381804,0,0,1,0.7901744719926538
89,90,0,3,1,-0.4385718983222164,0,0,-0.4863374216869257,0.29985443959243085,0,0,1,0.16781450872359963
90,91,0,3,1,-0.05380014462052453,0,0,-0.4863374216869257,0.29985443959243085,0,0,1,0.16408529741863076
91,92,0,3,1,-0.7463893012835698,0,0,-0.4902797934380587,0.29985443959243085,0,0,1,0.16051822573561705
92,93,0,1,1,1.2544238179652276,1,0,0.5833178351003071,0.3838383838383838,0,0,1,0.1571029443369869
93,94,0,3,1,-0.2846631968415396,1,2,-0.23415046467497105,0.29985443959243085,0,0,1,0.15382996632996634
94,95,0,3,1,2.2548303775896263,0,0,-0.5024451714361923,0.29985443959243085,0,0,1,0.15069057926200785
95,96,0,3,1,0.0,0,0,-0.4863374216869257,0.29985443959243085,0,0,1,0.14767676767676768
96,97,0,1,1,3.1782825864736868,0,0,0.0493298231623713,0.3838383838383838,1,0,0,0.1447811447811448
97,98,1,1,1,-0.5155262490625547,0,1,0.6272778976347743,0.3838383838383838,1,0,0,0.141996891996892
98,99,1,2,0,0.3309716090811673,0,1,-0.18532384824750675,0.29985443959243085,0,0,1,0.7284610814022578
99,100,0,2,1,0.3309716090811673,1,0,-0.12491978668775715,0.29985443959243085,0,0,1,0.1581856298837431
100,101,0,3,0,-0.1307544953608629,0,0,-0.4894421904510968,0.29985443959243085,0,0,1,0.7992973210364515
101,102,0,3,1,0.0,0,0,-0.4894421904510968,0.29985443959243085,0,0,1,0.1552562663673775
102,103,0,1,1,-0.6694349505432314,0,1,0.907737982394129,0.1032300405258567,0,0,1,0.15243342516069788
103,104,0,3,1,0.25401725834082894,0,0,-0.4741720436887921,0.29985443959243085,0,0,1,0.1497113997113997
104,105,0,3,1,0.5618346613021824,2,0,-0.4888542575852486,0.29985443959243085,0,0,1,0.1470848839269892
105,106,0,3,1,-0.1307544953608629,0,0,-0.4894421904510968,0.29985443959243085,0,0,1,0.14454893765238594
106,107,1,3,0,-0.6694349505432314,0,0,-0.494391296561559,0.29985443959243085,0,0,1,0.765993265993266
107,108,1,3,1,0.0,0,0,-0.4918744606632361,0.29985443959243085,0,0,1,0.1420989556582777
108,109,0,3,1,0.6387890120425208,0,0,-0.4894421904510968,0.29985443959243085,0,0,1,0.1563973063973064
109,110,1,3,0,0.0,1,0,-0.1621689579829361,0.29985443959243085,0,1,0,0.7753535353535354
110,111,0,1,1,1.3313781687055661,0,0,0.39858208016340624,0.3838383838383838,0,0,1,0.1538334161284981
111,112,0,3,0,-1.169638230355431,1,0,-0.3573908580066095,0.29985443959243085,1,0,0,0.783993783993784
112,113,0,3,1,-0.5924805998028931,0,0,-0.4863374216869257,0.29985443959243085,0,0,1,0.15135223199739328
113,114,0,3,0,-0.7463893012835698,1,0,-0.4505983519307405,0.29985443959243085,0,0,1,0.7549569771791994
114,115,0,3,0,-0.977252353504585,0,0,-0.3573083057891445,0.29985443959243085,1,0,0,0.727994227994228
115,116,0,3,1,-0.6694349505432314,0,0,-0.4888542575852486,0.29985443959243085,0,0,1,0.1489498156164823
116,117,0,3,1,3.139805411103518,0,0,-0.49237782784290063,0.29985443959243085,0,1,0,0.14662247474747475
117,118,0,2,1,-0.05380014462052453,1,0,-0.22559322262067316,0.29985443959243085,0,0,1,0.14436674436674438
118,119,0,1,1,-0.4385718983222164,0,1,4.335332226633905,0.46875932984085916,1,0,0,0.14217936945209672
119,120,0,3,0,-2.1315676146096605,4,2,-0.01870931177853076,0.29985443959243085,0,0,1,0.7028909787530477
120,121,0,2,1,-0.6694349505432314,2,0,0.8314778546749452,0.29985443959243085,0,0,1,0.14005728931102066
121,122,0,3,1,0.0,0,0,-0.4863374216869257,0.29985443959243085,0,0,1,0.13799762329174095
122,123,0,2,1,0.21554008297065974,1,0,-0.04295550208861426,0.29985443959243085,1,0,0,0.13599765773678818
123,124,1,2,0,0.21554008297065974,0,0,-0.3866707201133388,0.9265517349156649,0,0,1,0.6794612794612794
124,125,0,1,1,1.8700586238879346,0,1,0.907737982394129,0.1032300405258567,0,0,1,0.13405483405483407
125,126,1,3,1,-1.3620241072062766,1,0,-0.42207354059350805,0.29985443959243085,1,0,0,0.29797979797979796
126,127,0,3,1,0.0,0,0,-0.49237782784290063,0.29985443959243085,0,1,0,0.1321667378005406
127,128,1,3,1,-0.4385718983222164,0,0,-0.5046257580584992,0.29985443959243085,0,0,1,0.130331088664422
128,129,1,3,0,0.0,1,1,-0.19824427701513722,0.3838383838383838,1,0,0,0.6898012381883349
129,130,0,3,1,1.1774694672248893,0,0,-0.5079822104125026,0.29985443959243085,0,0,1,0.14224436142244362
130,131,0,3,1,0.25401725834082894,0,0,-0.4894421904510968,0.29985443959243085,1,0,0,0.14032214032214033
131,132,0,3,1,-0.7463893012835698,0,0,-0.5064721088735089,0.29985443959243085,0,0,1,0.13845117845117846
132,133,0,3,0,1.3313781687055661,1,0,-0.35646868933346404,0.29985443959243085,0,0,1,0.7435465768799102
133,134,1,2,0,-0.05380014462052453,1,0,-0.12491978668775715,0.29985443959243085,0,0,1,0.7044125465178097
134,135,0,2,1,-0.361617547581878,0,0,-0.3866707201133388,0.29985443959243085,0,0,1,0.1366294524189261
135,136,0,2,1,-0.5155262490625547,0,0,-0.3454791770670269,0.29985443959243085,1,0,0,0.13485504394595305
136,137,1,1,0,-0.8233436520239081,0,2,-0.11921562980779811,0.3838383838383838,0,0,1,0.6994949494949495
137,138,0,1,1,0.5618346613021824,1,0,0.4207302360686478,0.46875932984085916,0,0,1,0.13312613312613314
138,139,0,3,1,-1.0542067042449232,0,0,-0.4628462821463391,0.29985443959243085,0,0,1,0.13144099220048588
139,140,0,1,1,-0.4385718983222164,0,0,0.9462455716384695,0.3838383838383838,1,0,0,0.1297979797979798
140,141,0,3,0,0.0,0,2,-0.3414522396297103,0.29985443959243085,1,0,0,0.7191919191919192
141,142,1,3,0,-0.5924805998028931,0,0,-0.49237782784290063,0.29985443959243085,0,0,1,0.7086011631466177
142,143,1,3,0,-0.4385718983222164,1,0,-0.32928686163157667,0.29985443959243085,0,0,1,0.684944684944685
143,144,0,3,1,-0.8233436520239081,0,0,-0.5125125150294839,0.29985443959243085,0,1,0,0.128195535602943
144,145,0,2,1,-0.9002980027642465,0,0,-0.41687275089321363,0.29985443959243085,0,0,1,0.12663217541266322
145,146,0,2,1,-0.8233436520239081,1,1,0.09152810056801232,0.29985443959243085,0,0,1,0.1251064865522697
146,147,1,3,1,-0.20770884610120124,0,0,-0.49145565916975514,0.29985443959243085,0,0,1,0.12361712361712363
147,148,0,3,0,-1.5928871594272918,2,2,0.04370821849987721,0.29985443959243085,0,0,1,0.7171717171717171
148,149,0,2,1,0.5233574859320133,0,2,-0.12491978668775715,0.6329527089230375,0,0,1,0.13392751039809864
149,150,0,2,1,0.9466064150038742,0,0,-0.3866707201133388,0.29985443959243085,0,0,1,0.3838383838383838
150,151,0,2,1,1.6391955716669195,0,0,-0.39623469652696586,0.29985443959243085,0,0,1,0.1919191919191919
151,152,1,1,0,-0.5924805998028931,1,0,0.6925485130875209,0.46875932984085916,0,0,1,0.699265381083563
152,153,0,3,1,1.985490149998442,0,0,-0.4863374216869257,0.29985443959243085,0,0,1,0.1323702137655626
153,154,0,3,1,0.8311748888933667,0,2,-0.35646868933346404,0.29985443959243085,0,0,1,0.1308487170556136
154,155,0,3,1,0.0,0,0,-0.5011867534870308,0.29985443959243085,0,0,1,0.12936179981634527
155,156,0,1,1,1.6391955716669195,0,1,0.5874293382238074,0.29985443959243085,1,0,0,0.1279082964476223
156,157,1,3,0,-1.0542067042449232,0,0,-0.49271407711891657,0.29985443959243085,0,1,0,0.6966810966810967
157,158,0,3,1,0.02315420611981384,0,0,-0.4863374216869257,0.29985443959243085,0,0,1,0.12648709315375983
158,159,0,3,1,0.0,0,0,-0.47400492578514347,0.29985443959243085,0,0,1,0.1250971250971251
159,160,0,3,1,0.0,8,2,0.7519458402879414,0.29985443959243085,0,0,1,0.37598204264870927
160,161,0,3,1,1.100515116484551,0,1,-0.32425318983493084,0.29985443959243085,0,0,1,0.12373737373737374
161,162,1,2,0,0.7926977135231975,0,0,-0.331300330350235,0.29985443959243085,0,0,1,0.7123407992973211
162,163,0,3,1,-0.2846631968415396,0,0,-0.4918744606632361,0.29985443959243085,0,0,1,0.12240686434234821
163,164,0,3,1,-0.977252353504585,0,0,-0.47400492578514347,0.29985443959243085,0,0,1,0.12110466365785515
164,165,0,3,1,-2.208521965349999,4,1,0.1506737441786005,0.29985443959243085,0,0,1,0.33838383838383834
165,166,1,3,1,-1.5928871594272918,0,2,-0.2351571990343002,0.29985443959243085,0,0,1,0.30762167125803486
166,167,1,1,0,0.0,0,1,0.4589861417231558,0.8342886191558616,0,0,1,0.7243265993265994
167,168,0,3,0,1.1774694672248893,1,4,-0.08666388103324908,0.29985443959243085,0,0,1,0.7353535353535353
168,169,0,1,1,0.0,0,0,-0.12642988822675086,0.29985443959243085,0,0,1,0.11982987772461456
169,170,0,3,1,-0.1307544953608629,0,0,0.48910360681684706,0.29985443959243085,0,0,1,0.11858164983164983
170,171,0,1,1,2.4087390790703034,0,0,0.026090367211616904,0.3838383838383838,0,0,1,0.117359158596272
171,172,0,3,1,-1.9776589131289837,4,1,-0.06199888922968463,0.29985443959243085,0,1,0,0.3653198653198653
172,173,1,3,0,-2.208521965349999,1,1,-0.4242561406845337,0.29985443959243085,0,0,1,0.7051066217732884
173,174,0,3,1,-0.6694349505432314,0,0,-0.4888542575852486,0.29985443959243085,0,0,1,0.11616161616161616
174,175,0,1,1,2.0239673253686115,0,0,-0.030371322596999754,0.3838383838383838,1,0,0,0.11498826650341802
175,176,0,3,1,-0.9002980027642465,1,1,-0.4902797934380587,0.29985443959243085,0,0,1,0.11383838383838384
176,177,0,3,1,0.0,3,1,-0.13565761536436197,0.29985443959243085,0,0,1,0.3372183372183372
177,178,0,1,0,1.5622412209265812,0,0,-0.07030444769415023,0.3838383838383838,1,0,0,0.713076713076713
178,179,0,2,1,0.02315420611981384,0,0,-0.3866707201133388,0.29985443959243085,0,0,1,0.11271127112711271
179,180,0,3,1,0.48488031056184405,0,0,-0.6484216535389205,0.29985443959243085,0,0,1,0.1116062586650822
180,181,0,3,0,0.0,8,2,0.7519458402879414,0.29985443959243085,0,0,1,0.6943115364167995
181,182,0,2,1,0.0,0,0,-0.34539461138084326,0.29985443959243085,1,0,0,0.11052270275571247
182,183,0,3,1,-1.5928871594272918,4,2,-0.016444159470040135,0.29985443959243085,0,0,1,0.31313131313131315
183,184,1,2,1,-2.208521965349999,2,1,0.13683114673782454,0.8342886191558616,0,0,1,0.29225589225589227
184,185,1,3,0,-1.9776589131289837,0,2,-0.20495516825442542,0.29985443959243085,0,0,1,0.6765086765086765
185,186,0,1,1,0.0,0,0,0.3583127057902398,0.3838383838383838,0,0,1,0.10945998445998446
186,187,1,3,0,0.0,1,0,-0.3363340021468808,0.29985443959243085,0,1,0,0.7070707070707071
187,188,1,1,1,1.1774694672248893,0,0,-0.11384570873513637,0.29985443959243085,0,0,1,0.10841750841750843
188,189,0,3,1,0.7926977135231975,1,1,-0.3363340021468808,0.29985443959243085,0,1,0,0.11682866399847532
189,190,0,3,1,0.48488031056184405,0,0,-0.4894421904510968,0.29985443959243085,0,0,1,0.11573680732559237
190,191,1,2,0,0.17706290760049057,0,0,-0.3866707201133388,0.29985443959243085,0,0,1,0.7179199401421624
191,192,0,2,1,-0.8233436520239081,0,0,-0.3866707201133388,0.29985443959243085,0,0,1,0.11466517022072578
192,193,1,3,0,-0.8233436520239081,1,0,-0.4902797934380587,0.29985443959243085,0,0,1,0.6845959595959596
193,194,1,2,1,-2.054613263869322,1,1,-0.12491978668775715,0.6329527089230375,0,0,1,0.336489898989899
194,195,1,1,0,1.100515116484551,0,0,-0.09027201697708476,0.3838383838383838,1,0,0,0.727994227994228
195,196,1,1,0,2.177876026849288,0,0,2.301728820789,0.3838383838383838,1,0,0,0.6922887410692289
196,197,0,3,1,0.0,0,0,-0.49237782784290063,0.29985443959243085,0,1,0,0.11361319618200352
197,198,0,3,1,0.9466064150038742,0,1,-0.47920571548543794,0.29985443959243085,0,0,1,0.1125803489439853
198,199,1,3,0,0.0,0,0,-0.49237782784290063,0.29985443959243085,0,1,0,0.6996151996151996
199,200,0,2,0,-0.4385718983222164,0,0,-0.3866707201133388,0.29985443959243085,0,0,1,0.7066008926474043
200,201,0,3,1,-0.1307544953608629,0,0,-0.45714212526638004,0.29985443959243085,0,0,1,0.11156611156611157
201,202,0,3,1,0.0,8,2,0.7519458402879414,0.29985443959243085,0,0,1,0.11056998556998557
202,203,0,3,1,0.3309716090811673,0,0,-0.5176307525123133,0.29985443959243085,0,0,1,0.10959149012246358
203,204,0,3,1,1.2159466425950585,0,0,-0.5029485386158568,0.29985443959243085,1,0,0,0.10863016126174022
204,205,1,3,1,-0.9002980027642465,0,0,-0.4863374216869257,0.29985443959243085,0,0,1,0.10768555116381204
205,206,0,3,0,-2.1315676146096605,0,1,-0.43776248884929375,0.49449093392381804,0,0,1,0.6905417814508724
206,207,0,3,1,0.17706290760049057,1,0,-0.32928686163157667,0.29985443959243085,0,0,1,0.11537791710205504
207,208,1,3,1,-0.2846631968415396,0,0,-0.2701412180209885,0.29985443959243085,1,0,0,0.11439178105844773
208,209,1,3,0,-1.0542067042449232,0,0,-0.49237782784290063,0.29985443959243085,0,1,0,0.6751964085297418
209,210,1,1,1,0.7926977135231975,0,0,-0.024246350754841113,0.3838383838383838,1,0,0,0.12189693545625749
210,211,0,3,1,-0.4385718983222164,0,0,-0.5064721088735089,0.29985443959243085,0,0,1,0.12927595280536458
211,212,1,2,0,0.40792595982150565,0,0,-0.22559322262067316,0.29985443959243085,0,0,1,0.6822573561703996
212,213,0,3,1,-0.5924805998028931,0,0,-0.5024451714361923,0.29985443959243085,0,0,1,0.1281986531986532
213,214,0,2,1,0.02315420611981384,0,0,-0.3866707201133388,0.29985443959243085,0,0,1,0.12713916019701144
214,215,0,3,1,0.0,1,0,-0.49237782784290063,0.29985443959243085,0,1,0,0.1260970359331015
215,216,1,1,0,0.1001085568601522,1,0,1.6323350375212924,0.8342886191558616,1,0,0,0.6890178379540081
216,217,1,3,0,-0.20770884610120124,0,0,-0.4888542575852486,0.29985443959243085,0,0,1,0.6954966329966329
217,218,0,2,1,0.9466064150038742,1,0,-0.10478509950117394,0.29985443959243085,0,0,1,0.12507185677917385
218,219,1,1,0,0.17706290760049057,0,0,0.8876878608937296,0.3838383838383838,1,0,0,0.701710987425273
219,220,0,2,1,0.02315420611981384,0,0,-0.43700743807979686,0.29985443959243085,0,0,1,0.12406321277289019
220,221,1,3,1,-1.0542067042449232,0,0,-0.4863374216869257,0.29985443959243085,0,0,1,0.12307070707070707
221,222,0,2,1,-0.20770884610120124,0,0,-0.3866707201133388,0.29985443959243085,0,0,1,0.1300304633637967
222,223,0,3,1,1.6391955716669195,0,0,-0.4863374216869257,0.29985443959243085,0,0,1,0.12900660144754633
223,224,0,3,1,0.0,0,0,-0.4894421904510968,0.29985443959243085,0,0,1,0.12799873737373738
224,225,1,1,1,0.6387890120425208,1,0,1.163700193253568,0.8342886191558616,0,0,1,0.12700649909952236
225,226,0,3,1,-0.5924805998028931,0,0,-0.4601623283443675,0.29985443959243085,0,0,1,0.13372183372183372
226,227,1,2,1,-0.8233436520239081,0,0,-0.43700743807979686,0.29985443959243085,0,0,1,0.1327010563651785
227,228,0,3,1,-0.7079121259134006,0,0,-0.5024451714361923,0.29985443959243085,0,0,1,0.13927150290786655
228,229,0,2,1,-0.9002980027642465,0,0,-0.3866707201133388,0.29985443959243085,0,0,1,0.13822434875066456
229,230,0,3,0,0.0,3,1,-0.13565761536436197,0.29985443959243085,0,0,1,0.7076767676767676
230,231,1,1,0,0.40792595982150565,1,0,1.0323213593611125,0.46875932984085916,0,0,1,0.7373737373737373
231,232,0,3,1,-0.05380014462052453,0,0,-0.4918744606632361,0.29985443959243085,0,0,1,0.13719282375998795
232,233,0,2,1,2.2548303775896263,0,0,-0.3766033765200472,0.29985443959243085,0,0,1,0.13617658062102506
233,234,1,3,0,-1.9007045623886454,4,2,-0.016444159470040135,0.29985443959243085,0,0,1,0.693800752624282
234,235,0,2,1,-0.4385718983222164,0,0,-0.43700743807979686,0.29985443959243085,0,0,1,0.13517528223410577
235,236,0,3,0,0.0,0,0,-0.49640476528021726,0.29985443959243085,0,0,1,0.6996891996891996
236,237,0,2,1,1.100515116484551,1,0,-0.12491978668775715,0.29985443959243085,0,0,1,0.134188601341886
237,238,1,2,0,-1.6698415101676303,0,2,-0.11988611489111134,0.29985443959243085,0,0,1,0.6864875166761959
238,239,0,2,1,-0.8233436520239081,0,0,-0.43700743807979686,0.29985443959243085,0,0,1,0.1332162201727419
239,240,0,2,1,0.25401725834082894,0,0,-0.4012683683236117,0.29985443959243085,0,0,1,0.13225783009955672
240,241,0,3,0,0.0,1,0,-0.3573908580066095,0.29985443959243085,1,0,0,0.6922933034044144
241,242,1,3,0,0.0,1,0,-0.3363340021468808,0.29985443959243085,0,1,0,0.6797061524334251
242,243,0,2,1,-0.05380014462052453,0,0,-0.43700743807979686,0.29985443959243085,0,0,1,0.13131313131313133
243,244,0,3,1,-0.5924805998028931,0,0,-0.5049620073345151,0.29985443959243085,0,0,1,0.1303818325094921
244,245,0,3,1,0.02315420611981384,0,0,-0.5029485386158568,0.29985443959243085,1,0,0,0.12946365059041115
245,246,0,1,1,1.100515116484551,2,0,1.163700193253568,0.46875932984085916,0,1,0,0.3838383838383838
246,247,0,3,0,-0.361617547581878,0,0,-0.4918744606632361,0.29985443959243085,0,0,1,0.6854256854256854
247,248,1,2,0,-0.4385718983222164,0,2,-0.35646868933346404,0.29985443959243085,0,0,1,0.7461279461279461
248,249,1,1,1,0.5618346613021824,1,1,0.40974072380221066,0.8342886191558616,0,0,1,0.1285583103764922
249,250,0,2,1,1.8700586238879346,1,0,-0.12491978668775715,0.29985443959243085,0,0,1,0.12794612794612795
250,251,0,3,1,0.0,0,0,-0.5024451714361923,0.29985443959243085,0,0,1,0.13460998877665545
251,252,0,3,0,-0.05380014462052453,1,1,-0.43776248884929375,0.49449093392381804,0,0,1,0.7543173672205931
252,253,0,1,1,2.4856934298106417,0,0,-0.11384570873513637,0.3838383838383838,0,0,1,0.13368164402647162
253,254,0,3,1,0.02315420611981384,1,0,-0.32425318983493084,0.29985443959243085,0,0,1,0.13276601632766016
254,255,0,3,0,0.8696520642635358,0,2,-0.2414492887801075,0.29985443959243085,0,0,1,0.7307449494949495
255,256,1,3,0,-0.05380014462052453,0,2,-0.3414522396297103,0.29985443959243085,1,0,0,0.7086011631466177
256,257,1,1,0,0.0,0,0,0.9462455716384695,0.29985443959243085,1,0,0,0.7171717171717171
257,258,1,1,0,0.02315420611981384,0,0,1.093228788100527,0.8342886191558616,0,0,1,0.6734006734006733
258,259,1,1,0,0.40792595982150565,0,0,9.667166525013505,0.29985443959243085,1,0,0,0.6790316962730756
259,260,1,2,0,1.5622412209265812,0,1,-0.12491978668775715,0.29985443959243085,0,0,1,0.7252525252525253
260,261,0,3,1,0.0,0,0,-0.49237782784290063,0.29985443959243085,0,1,0,0.13186284614856045
261,262,1,3,1,-2.054613263869322,4,2,-0.016444159470040135,0.29985443959243085,0,0,1,0.37551990493166965
262,263,0,1,1,1.7161499224072578,1,1,0.955306180872432,0.46875932984085916,0,0,1,0.13097188097188098
263,264,0,1,1,0.7926977135231975,0,0,-0.6484216535389205,0.3838383838383838,0,0,1,0.13009287505931802
264,265,0,3,0,0.0,0,0,-0.49237782784290063,0.29985443959243085,0,1,0,0.6844718370142099
265,266,0,2,1,0.48488031056184405,0,0,-0.43700743807979686,0.29985443959243085,0,0,1,0.12922558922558922
266,267,0,3,1,-1.0542067042449232,4,1,0.1506737441786005,0.29985443959243085,0,0,1,0.12836979062144624
267,268,1,3,1,-0.361617547581878,1,0,-0.4918744606632361,0.29985443959243085,0,0,1,0.1275252525252525
268,269,1,1,0,2.177876026849288,0,1,2.441497778832105,0.8342886191558616,0,0,1,0.7328843995510662
269,270,1,1,0,0.40792595982150565,0,0,2.0825124140450755,0.3838383838383838,0,0,1,0.673063973063973
270,271,0,1,1,0.0,0,0,-0.024246350754841113,0.29985443959243085,0,0,1,0.13322770185515284
271,272,1,3,1,-0.361617547581878,0,0,-0.6484216535389205,0.29985443959243085,0,0,1,0.13236258690804145
272,273,1,2,0,0.8696520642635358,0,1,-0.255795253400548,0.29985443959243085,0,0,1,0.7401037401037401
273,274,0,1,1,0.5618346613021824,0,1,-0.05042144409739929,0.3838383838383838,1,0,0,0.13796024763766698
274,275,1,3,0,0.0,0,0,-0.49237782784290063,0.29985443959243085,0,1,0,0.6784235800629242
275,276,1,1,0,2.56264778055098,1,0,0.921244330558889,0.3838383838383838,0,0,1,0.6836102965135222
276,277,0,3,0,1.1774694672248893,0,0,-0.49237782784290063,0.29985443959243085,0,0,1,0.6886323552990219
277,278,0,2,1,0.0,0,0,-0.6484216535389205,0.29985443959243085,0,0,1,0.13707588707588708
278,279,0,3,1,-1.7467958609079686,4,1,-0.06199888922968463,0.29985443959243085,0,1,0,0.4102132435465769
279,280,1,3,0,0.40792595982150565,1,1,-0.24069423801061057,0.29985443959243085,0,0,1,0.746943115364168
280,281,0,3,1,2.7165564820316566,0,0,-0.49237782784290063,0.29985443959243085,0,1,0,0.13620279225374768
281,282,0,3,1,-0.1307544953608629,0,0,-0.4902797934380587,0.29985443959243085,0,0,1,0.1353407492647999
282,283,0,3,1,-1.0542067042449232,0,0,-0.45714212526638004,0.29985443959243085,0,0,1,0.1344895495838892
283,284,1,3,1,-0.8233436520239081,0,0,-0.4863374216869257,0.29985443959243085,0,0,1,0.1336489898989899
284,285,0,1,1,0.0,0,0,-0.12491978668775715,0.3838383838383838,0,0,1,0.13903005207353034
285,286,0,3,1,0.25401725834082894,0,0,-0.47400492578514347,0.29985443959243085,1,0,0,0.13817184187554557
286,287,1,3,1,0.02315420611981384,0,0,-0.45714212526638004,0.29985443959243085,0,0,1,0.13732416186403917
287,288,0,3,1,-0.5924805998028931,0,0,-0.4894421904510968,0.29985443959243085,0,0,1,0.14258438038925844
288,289,1,2,1,0.9466064150038742,0,0,-0.3866707201133388,0.29985443959243085,0,0,1,0.14172023262932354
289,290,1,3,0,-0.5924805998028931,0,0,-0.49237782784290063,0.29985443959243085,0,1,0,0.6778724747474747
290,291,1,1,0,-0.2846631968415396,0,0,0.9391984311231651,0.29985443959243085,0,0,1,0.6828282828282828
291,292,1,1,0,-0.8233436520239081,1,0,1.1854295476653287,0.8342886191558616,1,0,0,0.7534317534317534
292,293,0,2,1,0.48488031056184405,0,0,-0.3891875560116617,0.6329527089230375,1,0,0,0.1468905926737252
293,294,0,3,0,-0.4385718983222164,0,0,-0.4702296719376591,0.29985443959243085,0,0,1,0.6876339149066422
294,295,0,3,1,-0.4385718983222164,0,0,-0.4894421904510968,0.29985443959243085,0,0,1,0.14601100828645738
295,296,0,1,1,0.0,0,0,-0.09027201697708476,0.29985443959243085,1,0,0,0.14514189514189516
296,297,0,3,1,-0.47704907369238553,0,0,-0.5028639729296732,0.29985443959243085,1,0,0,0.14428306735999044
297,298,0,1,0,-2.1315676146096605,1,2,2.4029901895877646,0.33935368293040996,0,0,1,0.6773707221468415
298,299,1,1,1,0.0,0,0,-0.034313694348132716,0.3838383838383838,0,0,1,0.14343434343434344
299,300,1,1,0,1.5622412209265812,0,1,4.335332226633905,0.46875932984085916,1,0,0,0.7595959595959596
300,301,1,3,0,0.0,0,0,-0.49237782784290063,0.29985443959243085,0,1,0,0.6674093879976233
301,302,1,3,1,0.0,2,0,-0.18029017645086096,0.29985443959243085,0,1,0,0.1484434993206923
302,303,0,3,1,-0.8233436520239081,0,0,-0.6484216535389205,0.29985443959243085,0,0,1,0.1533944092083627
303,304,1,2,0,0.0,0,0,-0.3997582667846179,0.9265517349156649,0,1,0,0.6722295417947591
304,305,0,3,1,0.0,0,0,-0.4863374216869257,0.29985443959243085,0,0,1,0.15250773632276524
305,306,1,1,1,-2.214678313409226,1,2,2.4029901895877646,0.33935368293040996,0,0,1,0.38862307283359915
306,307,1,1,0,0.0,0,0,1.5841789061771412,0.29985443959243085,1,0,0,0.6769119769119769
307,308,1,1,0,-0.977252353504585,1,0,1.5442457810799908,0.46875932984085916,1,0,0,0.7654594727765459
308,309,0,2,1,0.02315420611981384,1,0,-0.16518916106092355,0.29985443959243085,1,0,0,0.15163125507953093
309,310,1,1,0,0.02315420611981384,0,0,0.49782998024351216,0.3838383838383838,1,0,0,0.6814625124484279
310,311,1,1,0,-0.4385718983222164,0,0,1.0259447039291216,0.3838383838383838,1,0,0,0.6858866442199775
311,312,1,1,0,-0.9002980027642465,2,2,4.634416897040849,0.8342886191558616,1,0,0,0.6901895669018956
312,313,0,2,0,-0.2846631968415396,1,1,-0.12491978668775715,0.29985443959243085,0,0,1,0.771043771043771
313,314,0,3,1,-0.1307544953608629,0,0,-0.4894421904510968,0.29985443959243085,0,0,1,0.15076479076479077
314,315,0,2,1,1.0235607657442125,1,1,-0.11988611489111134,0.29985443959243085,0,0,1,0.14990817263544537
315,316,1,3,0,-0.2846631968415396,0,0,-0.4902797934380587,0.29985443959243085,0,0,1,0.6943761943761944
316,317,1,2,0,-0.4385718983222164,1,0,-0.12491978668775715,0.29985443959243085,0,0,1,0.7531125205543809
317,318,0,2,1,1.8700586238879346,0,0,-0.36653603292675563,0.29985443959243085,0,0,1,0.1919191919191919
318,319,1,1,0,0.1001085568601522,0,2,2.671117778445337,0.3838383838383838,0,0,1,0.6984511784511784
319,320,1,1,0,0.7926977135231975,1,1,2.059693773056521,0.3838383838383838,1,0,0,0.7587235996326904
320,321,0,3,1,-0.5924805998028931,0,0,-0.5024451714361923,0.29985443959243085,0,0,1,0.1490612338069965
321,322,0,3,1,-0.20770884610120124,0,0,-0.4894421904510968,0.29985443959243085,0,0,1,0.14822381114515945
322,323,1,2,0,0.02315420611981384,0,0,-0.3997582667846179,0.29985443959243085,0,1,0,0.7024189261031366
323,324,1,2,0,-0.5924805998028931,1,1,-0.06451572512800753,0.29985443959243085,0,0,1,0.7640852974186306
324,325,0,3,1,0.0,8,2,0.7519458402879414,0.29985443959243085,0,0,1,0.1473957451611083
325,326,1,1,0,0.48488031056184405,0,0,2.0825124140450755,0.3838383838383838,1,0,0,0.7062836153745244
326,327,0,3,1,2.4087390790703034,0,0,-0.5228315422126077,0.29985443959243085,0,0,1,0.14657687991021323
327,328,1,2,0,0.48488031056184405,0,0,-0.3866707201133388,0.6329527089230375,0,0,1,0.76921387790953
328,329,1,3,0,0.1001085568601522,1,1,-0.2351571990343002,0.29985443959243085,0,0,1,0.7741242209327315
329,330,1,1,0,-1.0542067042449232,0,1,0.5189714017894245,0.8342886191558616,1,0,0,0.71004921004921
330,331,1,3,0,0.0,2,0,-0.18029017645086096,0.29985443959243085,0,1,0,0.7137194732131441
331,332,0,1,1,1.2159466425950585,0,0,-0.07458306872129913,0.1032300405258567,0,0,1,0.1457670628941347
332,333,0,1,1,0.6387890120425208,0,1,2.441497778832105,0.3838383838383838,0,0,1,0.14496614496614496
333,334,0,3,1,-1.0542067042449232,2,0,-0.2859972841804228,0.29985443959243085,0,0,1,0.14417398023955402
334,335,1,1,0,0.0,1,0,2.042579288947925,0.29985443959243085,0,0,1,0.7788299663299663
335,336,0,3,1,0.0,0,0,-0.4894421904510968,0.29985443959243085,0,0,1,0.14339042599912166
336,337,0,1,1,-0.05380014462052453,1,0,0.6925485130875209,0.46875932984085916,0,0,1,0.14261534261534262
337,338,1,1,0,0.8696520642635358,0,0,2.059693773056521,0.3838383838383838,1,0,0,0.7172979797979797
338,339,1,3,1,1.1774694672248893,0,0,-0.4863374216869257,0.29985443959243085,0,0,1,0.1418485934614967
339,340,0,1,1,1.1774694672248893,0,0,0.06635974158478332,0.3838383838383838,0,0,1,0.14643763841624804
340,341,1,2,1,-2.1315676146096605,1,1,-0.12491978668775715,0.6329527089230375,0,0,1,0.4191919191919192
341,342,1,1,0,-0.4385718983222164,3,2,4.647001076532463,0.49449093392381804,0,0,1,0.7207881281955356
342,343,0,2,1,-0.1307544953608629,0,0,-0.3866707201133388,0.29985443959243085,0,0,1,0.14565871480765097
343,344,0,2,1,-0.361617547581878,0,0,-0.3866707201133388,0.29985443959243085,0,0,1,0.14488803377692266
344,345,0,2,1,0.48488031056184405,0,0,-0.3866707201133388,0.29985443959243085,0,0,1,0.14412546517809677
345,346,1,2,0,-0.4385718983222164,0,0,-0.3866707201133388,0.9265517349156649,0,0,1,0.7241931510224193
346,347,1,2,0,0.7926977135231975,0,0,-0.3866707201133388,0.29985443959243085,0,0,1,0.7275161251064866
347,348,1,3,0,0.0,1,0,-0.32425318983493084,0.29985443959243085,0,0,1,0.7833436404864975
348,349,1,3,1,-2.054613263869322,1,1,-0.32828012727224753,0.29985443959243085,0,0,1,0.4468494468494469
349,350,0,3,1,0.9466064150038742,0,0,-0.47400492578514347,0.29985443959243085,0,0,1,0.14337088159077688
350,351,0,3,1,-0.5155262490625547,0,0,-0.4626791642426904,0.29985443959243085,0,0,1,0.14262415824915825
351,352,0,1,1,0.0,0,0,0.05629239799149171,0.3838383838383838,0,0,1,0.14188517297325587
352,353,0,3,1,-1.1311610549852615,1,1,-0.5028639729296732,0.29985443959243085,1,0,0,0.14115380610225972
353,354,0,3,1,-0.361617547581878,1,0,-0.29002422161773944,0.29985443959243085,0,0,1,0.14042994042994042
354,355,0,3,1,0.0,0,0,-0.5029485386158568,0.29985443959243085,1,0,0,0.13971346114203256
355,356,0,3,1,-0.1307544953608629,0,0,-0.45714212526638004,0.29985443959243085,0,0,1,0.1390042557555248
356,357,1,1,0,-0.5924805998028931,0,1,0.4589861417231558,0.8342886191558616,0,0,1,0.7307599807599807
357,358,0,2,0,0.6387890120425208,0,0,-0.3866707201133388,0.29985443959243085,0,0,1,0.7339275103980986
358,359,1,3,0,0.0,0,0,-0.48977642625839407,0.29985443959243085,0,1,0,0.725393469579516
359,360,1,3,0,0.0,0,0,-0.48977642625839407,0.29985443959243085,0,1,0,0.7285498664809009
360,361,0,3,1,0.7926977135231975,1,4,-0.08666388103324908,0.29985443959243085,0,0,1,0.13830221405978982
361,362,0,2,1,-0.05380014462052453,1,0,-0.09027201697708476,0.29985443959243085,1,0,0,0.13760722805948936
362,363,0,3,0,1.1774694672248893,0,1,-0.3573908580066095,0.29985443959243085,1,0,0,0.7876767676767676
363,364,0,3,1,0.40792595982150565,0,0,-0.5064721088735089,0.29985443959243085,0,0,1,0.1369191919191919
364,365,0,3,1,0.0,1,0,-0.3363340021468808,0.29985443959243085,0,1,0,0.1362380019096437
365,366,0,3,1,0.02315420611981384,0,0,-0.5024451714361923,0.29985443959243085,0,0,1,0.13556355635563558
366,367,1,1,0,2.3317847283299646,1,0,0.8667135572514657,0.3838383838383838,1,0,0,0.7722321251733015
367,368,1,3,0,0.0,0,0,-0.5028639729296732,0.29985443959243085,1,0,0,0.7766122766122765
368,369,1,3,0,0.0,0,0,-0.49237782784290063,0.29985443959243085,0,1,0,0.7316345270890725
369,370,1,1,0,-0.4385718983222164,0,0,0.7469121684912956,0.8342886191558616,1,0,0,0.3838383838383838
370,371,1,1,1,-0.361617547581878,1,0,0.4678796330534696,0.3838383838383838,1,0,0,0.13489575558541075
371,372,0,3,1,-0.9002980027642465,1,0,-0.5176307525123133,0.29985443959243085,0,0,1,0.13913646266587443
372,373,0,3,1,-0.8233436520239081,0,0,-0.4863374216869257,0.29985443959243085,0,0,1,0.13845774821384577
373,374,0,1,1,-0.5924805998028931,0,0,2.0825124140450755,0.29985443959243085,1,0,0,0.13778562322251642
374,375,0,3,0,-2.054613263869322,3,1,-0.22408312108167944,0.29985443959243085,0,0,1,0.7346498694813302
375,376,1,1,0,0.0,1,0,1.0060617003323709,0.29985443959243085,1,0,0,0.7808271393177053
376,377,1,3,0,-0.5924805998028931,0,0,-0.5024451714361923,0.29985443959243085,0,0,1,0.7264870931537598
377,378,0,1,1,-0.20770884610120124,0,2,3.610064686423428,0.3838383838383838,1,0,0,0.13711999219245596
378,379,0,3,1,-0.7463893012835698,0,0,-0.5676312212027554,0.29985443959243085,1,0,0,0.13646076146076147
379,380,0,3,1,-0.8233436520239081,0,0,-0.4918744606632361,0.29985443959243085,0,0,1,0.13580783915712147
380,381,1,1,0,0.9466064150038742,0,0,3.9327230485884233,0.29985443959243085,1,0,0,0.7294927294927295
381,382,1,3,0,-2.208521965349999,0,2,-0.33146744825388363,0.29985443959243085,1,0,0,0.7324330259112868
382,383,0,3,1,0.17706290760049057,0,0,-0.4888542575852486,0.29985443959243085,0,0,1,0.13516113516113515
383,384,1,1,0,0.40792595982150565,1,0,0.39858208016340624,0.29985443959243085,0,0,1,0.7848858959970071
384,385,0,3,1,0.0,0,0,-0.4894421904510968,0.29985443959243085,0,0,1,0.13452056106084542
385,386,0,2,1,-0.9002980027642465,0,0,0.8314778546749452,0.29985443959243085,0,0,1,0.1338860301124452
386,387,0,3,1,-2.208521965349999,5,2,0.2958951755118318,0.29985443959243085,0,0,1,0.47199265381083566
387,388,1,2,0,0.48488031056184405,0,0,-0.3866707201133388,0.29985443959243085,0,0,1,0.7353100901487998
388,389,0,3,1,0.0,0,0,-0.49279662933638163,0.29985443959243085,0,1,0,0.13325745720111917
389,390,1,2,0,-0.977252353504585,0,0,-0.40680540729992204,0.29985443959243085,1,0,0,0.7381259402535998
390,391,1,1,1,0.48488031056184405,1,2,1.7677408088510642,0.9707779973350347,0,0,1,0.13263475880298312
391,392,1,3,1,-0.6694349505432314,0,0,-0.49145565916975514,0.29985443959243085,0,0,1,0.13666901573878318
392,393,0,3,1,-0.1307544953608629,2,0,-0.4888542575852486,0.29985443959243085,0,0,1,0.14066591844369622
393,394,1,1,0,-0.5155262490625547,1,0,1.6323350375212924,0.8342886191558616,1,0,0,0.7408825093035619
394,395,1,3,0,-0.4385718983222164,0,2,-0.312172377522981,0.49449093392381804,0,0,1,0.7887970615243342
395,396,0,3,1,-0.5924805998028931,0,0,-0.49145565916975514,0.29985443959243085,0,0,1,0.14001768840478518
396,397,0,3,0,0.1001085568601522,0,0,-0.4902797934380587,0.29985443959243085,0,0,1,0.7435816498316498
397,398,0,2,1,1.2544238179652276,0,0,-0.12491978668775715,0.29985443959243085,0,0,1,0.1393754054304513
398,399,0,2,1,-0.5155262490625547,0,0,-0.43700743807979686,0.29985443959243085,0,0,1,0.12794612794612795
399,400,1,2,0,-0.1307544953608629,0,0,-0.393717860628643,0.29985443959243085,0,0,1,0.7925685425685425
400,401,1,3,1,0.7157433627828591,0,0,-0.4888542575852486,0.29985443959243085,0,0,1,0.13873898805405654
401,402,0,3,1,-0.2846631968415396,0,0,-0.4863374216869257,0.29985443959243085,0,0,1,0.14265381083562903
402,403,0,3,0,-0.6694349505432314,1,0,-0.4505983519307405,0.29985443959243085,0,0,1,0.7359158596271999
403,404,0,3,1,-0.1307544953608629,1,0,-0.32928686163157667,0.29985443959243085,0,0,1,0.14200831847890671
404,405,0,3,0,-0.7463893012835698,0,0,-0.47400492578514347,0.29985443959243085,0,0,1,0.7284065141207998
405,406,0,2,1,0.3309716090811673,1,0,-0.22559322262067316,0.29985443959243085,0,0,1,0.14136864136864136
406,407,0,3,1,1.6391955716669195,0,0,-0.49237782784290063,0.29985443959243085,0,0,1,0.14073470127281787
407,408,1,2,1,-2.054613263869322,1,1,-0.2708962687904854,0.29985443959243085,0,0,1,0.45147123407992973
408,409,0,3,1,-0.6694349505432314,0,0,-0.4918744606632361,0.29985443959243085,0,0,1,0.14010642135642135
409,410,0,3,0,0.0,3,1,-0.13565761536436197,0.29985443959243085,0,0,1,0.7210488725640241
410,411,0,3,1,0.0,0,0,-0.4894421904510968,0.29985443959243085,0,0,1,0.1394837261503928
411,412,0,3,1,0.0,0,0,-0.5103319284071769,0.29985443959243085,0,1,0,0.1388665415214088
412,413,1,1,0,0.25401725834082894,1,0,1.163700193253568,0.46875932984085916,0,1,0,0.7138383838383838
413,414,0,2,1,0.0,0,0,-0.6484216535389205,0.29985443959243085,0,0,1,0.13825479464245985
414,415,1,3,1,1.100515116484551,0,0,-0.4888542575852486,0.29985443959243085,0,0,1,0.13764841396420344
415,416,0,3,0,0.0,0,0,-0.4863374216869257,0.29985443959243085,0,0,1,0.796207690944533
416,417,1,2,0,0.3309716090811673,1,1,0.005955680025033696,0.29985443959243085,0,0,1,0.7824799721351445
417,418,1,2,0,-0.9002980027642465,0,2,-0.3866707201133388,0.29985443959243085,0,0,1,0.7166716671667166
418,419,0,2,1,0.02315420611981384,0,0,-0.3866707201133388,0.29985443959243085,0,0,1,0.1414141414141414
419,420,0,3,0,-1.5159328086869535,0,2,-0.1621689579829361,0.29985443959243085,0,0,1,0.7194493959199841
420,421,0,3,1,0.0,0,0,-0.4894421904510968,0.29985443959243085,1,0,0,0.14079929732103644
421,422,0,3,1,-0.6694349505432314,0,0,-0.49271407711891657,0.29985443959243085,0,1,0,0.14018977655341291
422,423,0,3,1,-0.05380014462052453,0,0,-0.4898609919445778,0.29985443959243085,0,0,1,0.13958551027516544
423,424,0,3,0,-0.1307544953608629,1,1,-0.35848215805212236,0.29985443959243085,0,0,1,0.7861667522684471
424,425,0,3,1,-0.9002980027642465,1,1,-0.2414492887801075,0.29985443959243085,0,0,1,0.13898643083192438
425,426,0,3,1,0.0,0,0,-0.5024451714361923,0.29985443959243085,0,0,1,0.13839247172580504
426,427,1,2,0,-0.1307544953608629,1,0,-0.12491978668775715,0.29985443959243085,0,0,1,0.773063973063973
427,428,1,2,0,-0.8233436520239081,0,0,-0.12491978668775715,0.29985443959243085,0,0,1,0.712464450328528
428,429,0,3,1,0.0,0,0,-0.49237782784290063,0.29985443959243085,0,1,0,0.13780356759080162
429,430,1,3,1,0.17706290760049057,0,0,-0.4863374216869257,0.3838383838383838,0,0,1,0.1372196541688067
430,431,1,1,1,-0.1307544953608629,0,0,-0.11384570873513637,0.8342886191558616,0,0,1,0.1408600775689383
431,432,1,3,0,0.0,1,0,-0.32425318983493084,0.29985443959243085,0,0,1,0.7767842358006292
432,433,1,2,0,0.9466064150038742,1,0,-0.12491978668775715,0.29985443959243085,0,0,1,0.7803844900619094
433,434,0,3,1,-0.977252353504585,0,0,-0.5049620073345151,0.29985443959243085,0,0,1,0.14446990917579153
434,435,0,1,1,1.5622412209265812,1,0,0.4771073601910807,0.46875932984085916,0,0,1,0.14386543256836143
435,436,1,1,0,-1.2081154057256,1,2,1.7677408088510642,0.9707779973350347,0,0,1,0.7152292152292152
436,437,0,3,0,-0.6694349505432314,2,2,0.04370821849987721,0.29985443959243085,0,0,1,0.7179413179413179
437,438,1,2,0,-0.4385718983222164,2,3,-0.2708962687904854,0.29985443959243085,0,0,1,0.7838704505371171
438,439,0,1,1,2.6396021312913183,1,4,4.647001076532463,0.49449093392381804,0,0,1,0.14326599326599326
439,440,0,2,1,0.1001085568601522,0,0,-0.43700743807979686,0.29985443959243085,0,0,1,0.14267152856364473
440,441,1,2,0,1.1774694672248893,1,1,-0.11988611489111134,0.29985443959243085,0,0,1,0.7872474747474747
441,442,0,3,1,-0.7463893012835698,0,0,-0.45714212526638004,0.29985443959243085,0,0,1,0.14208197679272058
442,443,0,3,1,-0.361617547581878,1,0,-0.4918744606632361,0.29985443959243085,0,0,1,0.14149727729974643
443,444,1,2,0,-0.1307544953608629,0,0,-0.3866707201133388,0.29985443959243085,0,0,1,0.3838383838383838
444,445,1,3,1,0.0,0,0,-0.48507900373776425,0.29985443959243085,0,0,1,0.14091737042556712
445,446,1,1,1,-1.9776589131289837,0,2,0.9997696105865636,0.3838383838383838,0,0,1,0.4743265993265993
446,447,1,2,0,-1.2850697564659384,0,1,-0.255795253400548,0.29985443959243085,0,0,1,0.7111682866399848
447,448,1,1,1,0.3309716090811673,0,0,-0.11384570873513637,0.29985443959243085,0,0,1,0.14442383013811583
448,449,1,3,0,-1.9007045623886454,2,1,-0.26066180729354516,0.29985443959243085,1,0,0,0.7138676484470877
449,450,1,1,1,1.7161499224072578,0,0,-0.034313694348132716,0.3838383838383838,0,0,1,0.3838383838383838
450,451,0,2,1,0.48488031056184405,1,2,-0.08968408411123653,0.29985443959243085,0,0,1,0.1479017820481235
451,452,0,3,1,0.0,1,0,-0.2463983948905696,0.29985443959243085,0,0,1,0.14730298940825257
452,453,0,1,1,0.02315420611981384,0,0,-0.08968408411123653,0.3838383838383838,1,0,0,0.1467090257412838
453,454,1,1,1,1.4852868701862427,1,0,1.145663540471827,0.8342886191558616,1,0,0,0.14611983286682081
454,455,0,3,1,0.0,0,0,-0.4863374216869257,0.29985443959243085,0,0,1,0.14953535353535352
455,456,1,3,1,-0.05380014462052453,0,0,-0.4894421904510968,0.29985443959243085,1,0,0,0.1489395951547346
456,457,0,1,1,2.7165564820316566,0,0,-0.11384570873513637,0.3838383838383838,0,0,1,0.15231681898348565
457,458,1,1,0,0.0,1,0,0.395813560675251,0.3838383838383838,0,0,1,0.7905205905205904
458,459,1,2,0,1.5622412209265812,0,0,-0.43700743807979686,0.29985443959243085,0,0,1,0.7165170220725776
459,460,0,3,1,0.0,0,0,-0.49237782784290063,0.29985443959243085,0,1,0,0.15171477622070506
460,461,1,1,1,1.4083325194459044,0,0,-0.11384570873513637,0.3838383838383838,0,0,1,0.1511174739521196
461,462,0,3,1,0.3309716090811673,0,0,-0.4863374216869257,0.29985443959243085,0,0,1,0.15444642503466033
462,463,0,1,1,1.3313781687055661,0,0,0.12676380314453292,0.3838383838383838,0,0,1,0.15384311868686867
463,464,0,2,1,1.4083325194459044,0,0,-0.3866707201133388,0.29985443959243085,0,0,1,0.15324450733011044
464,465,0,3,1,0.0,0,0,-0.4863374216869257,0.29985443959243085,0,0,1,0.15265053637146658
465,466,0,3,1,0.6387890120425208,0,0,-0.5064721088735089,0.29985443959243085,0,0,1,0.15206115206115206
466,467,0,2,1,0.0,0,0,-0.6484216535389205,0.29985443959243085,0,0,1,0.15147630147630145
467,468,0,1,1,2.0239673253686115,0,0,-0.11384570873513637,0.29985443959243085,0,0,1,0.1508959325051279
468,469,0,3,1,0.0,0,0,-0.4928811950225652,0.29985443959243085,0,1,0,0.1503199938314442
469,470,1,3,0,-2.2277605530350835,2,1,-0.26066180729354516,0.29985443959243085,1,0,0,0.7191177833379668
470,471,0,3,1,0.0,0,0,-0.5024451714361923,0.29985443959243085,0,0,1,0.14974843491953757
471,472,0,3,1,0.6387890120425208,0,0,-0.47400492578514347,0.29985443959243085,0,0,1,0.1491812059993878
472,473,1,2,0,0.25401725834082894,1,2,-0.08968408411123653,0.29985443959243085,0,0,1,0.7936945209672482
473,474,1,2,0,-0.5155262490625547,0,0,-0.3707300882677209,0.6329527089230375,1,0,0,0.7967737072214683
474,475,0,3,0,-0.5924805998028931,0,0,-0.45034666834090825,0.29985443959243085,0,0,1,0.7216712580348944
475,476,0,1,1,0.0,0,0,0.39858208016340624,0.3838383838383838,0,0,1,0.14861825805222031
476,477,0,2,1,0.3309716090811673,1,0,-0.22559322262067316,0.29985443959243085,0,0,1,0.1480595427963849
477,478,0,3,1,-0.05380014462052453,1,0,-0.5065566745596926,0.29985443959243085,0,0,1,0.14750501267355198
478,479,0,3,1,-0.5924805998028931,0,0,-0.4969926981460655,0.29985443959243085,0,0,1,0.14695462083521785
479,480,1,3,0,-2.1315676146096605,0,1,-0.4010166847337793,0.29985443959243085,0,0,1,0.7151697151697152
480,481,0,3,1,-1.5928871594272918,5,2,0.2958951755118318,0.29985443959243085,0,0,1,0.4953535353535354
481,482,0,2,1,0.0,0,0,-0.6484216535389205,0.29985443959243085,0,0,1,0.14640832112951072
482,483,0,3,1,1.5622412209265812,0,0,-0.4863374216869257,0.29985443959243085,0,0,1,0.1458660680882903
483,484,1,3,0,2.56264778055098,0,0,-0.455380340137554,0.29985443959243085,0,0,1,0.7997623291740938
484,485,1,1,1,-0.361617547581878,1,0,1.1854295476653287,0.8342886191558616,1,0,0,0.14532781691453278
485,486,0,3,0,0.0,3,1,-0.13565761536436197,0.29985443959243085,0,0,1,0.7177128427128426
486,487,1,1,0,0.40792595982150565,1,0,1.163700193253568,0.8342886191558616,0,0,1,0.8026643244034548
487,488,0,1,1,2.177876026849288,0,0,-0.05042144409739929,0.3838383838383838,1,0,0,0.14846999405822933
488,489,0,3,1,0.02315420611981384,0,0,-0.4863374216869257,0.29985443959243085,0,0,1,0.14792614792614792
489,490,1,3,1,-1.5928871594272918,1,1,-0.32828012727224753,0.29985443959243085,0,0,1,0.4763014763014763
490,491,0,3,1,0.0,1,0,-0.2463983948905696,0.29985443959243085,0,0,1,0.1473862714738627
491,492,0,3,1,-0.6694349505432314,0,0,-0.5024451714361923,0.29985443959243085,0,0,1,0.14685032139577592
492,493,0,1,1,1.947012974628273,0,0,-0.034313694348132716,0.3838383838383838,0,0,1,0.1463182550139072
493,494,0,1,1,3.1782825864736868,0,0,0.3483299278831318,0.29985443959243085,1,0,0,0.14579003026656456
494,495,0,3,1,-0.6694349505432314,0,0,-0.4863374216869257,0.29985443959243085,0,0,1,0.14526560569726035
495,496,0,3,1,0.0,0,0,-0.3573083057891445,0.29985443959243085,1,0,0,0.14474494044386516
496,497,1,1,0,1.8700586238879346,1,0,0.9274538680872313,0.8342886191558616,1,0,0,0.7113614016268883
497,498,0,3,1,0.0,0,0,-0.3443878770215141,0.29985443959243085,0,0,1,0.1442279942279942
498,499,0,1,0,-0.361617547581878,1,2,2.4029901895877646,0.33935368293040996,0,0,1,0.8054834054834055
499,500,0,3,1,-0.4385718983222164,0,0,-0.49145565916975514,0.29985443959243085,0,0,1,0.14371472734462057
500,501,0,3,1,-0.977252353504585,0,0,-0.47400492578514347,0.29985443959243085,0,0,1,0.14320510065190914
501,502,0,3,0,-0.6694349505432314,0,0,-0.49237782784290063,0.29985443959243085,0,1,0,0.713893319156477
502,503,0,3,0,0.0,0,0,-0.4948100980550399,0.29985443959243085,0,1,0,0.707685551163812
503,504,0,3,0,0.5618346613021824,0,0,-0.455380340137554,0.29985443959243085,0,0,1,0.7015848136537791
504,505,1,1,0,-1.0542067042449232,0,0,1.093228788100527,0.3838383838383838,0,0,1,0.6955883622550288
505,506,0,1,1,-0.9002980027642465,1,0,1.5442457810799908,0.46875932984085916,1,0,0,0.14269907556126638
506,507,1,2,0,0.25401725834082894,0,2,-0.12491978668775715,0.29985443959243085,0,0,1,0.7941385687864561
507,508,1,1,1,0.0,0,0,-0.11384570873513637,0.29985443959243085,0,0,1,0.14219661402759992
508,509,0,3,1,-0.1307544953608629,0,0,-0.1948878246611338,0.29985443959243085,0,0,1,0.14520645046960834
509,510,1,3,1,-0.2846631968415396,0,0,0.48910360681684706,0.29985443959243085,0,0,1,0.1446987356078265
510,511,1,3,1,-0.05380014462052453,0,0,-0.49237782784290063,0.29985443959243085,0,1,0,0.14767887938619645
511,512,0,3,1,0.0,0,0,-0.4863374216869257,0.29985443959243085,0,0,1,0.15063832772166105
512,513,1,1,1,0.48488031056184405,0,0,-0.11913106412161445,0.8342886191558616,0,0,1,0.1501170878333508
513,514,1,1,0,1.8700586238879346,1,0,0.5475787653441219,0.29985443959243085,1,0,0,0.7969977553310886
514,515,0,3,1,-0.4385718983222164,0,0,-0.4974960653257301,0.29985443959243085,0,0,1,0.15304771856495994
515,516,0,1,1,1.3313781687055661,0,0,0.036576512298389464,0.3838383838383838,0,0,1,0.15252178138776076
516,517,1,2,0,0.3309716090811673,0,0,-0.43700743807979686,0.9265517349156649,0,0,1,0.799778607997786
517,518,0,3,1,0.0,0,0,-0.1621689579829361,0.29985443959243085,0,1,0,0.15199944651999445
518,519,1,2,0,0.48488031056184405,1,0,-0.12491978668775715,0.29985443959243085,0,0,1,0.8024843024843025
519,520,0,3,1,0.17706290760049057,0,0,-0.4894421904510968,0.29985443959243085,0,0,1,0.15148067707794668
520,521,1,1,0,0.02315420611981384,0,0,1.2341715984066093,0.3838383838383838,0,0,1,0.6981681218969354
521,522,0,3,1,-0.5924805998028931,0,0,-0.4894421904510968,0.29985443959243085,0,0,1,0.15096543667972237
522,523,0,3,1,0.0,0,0,-0.5029485386158568,0.29985443959243085,1,0,0,0.15045368943674028
523,524,1,1,0,1.100515116484551,0,1,0.5189714017894245,0.8342886191558616,1,0,0,0.8051178451178451
524,525,0,3,1,0.0,0,0,-0.5028639729296732,0.29985443959243085,1,0,0,0.14994539994539993
525,526,0,3,1,0.8311748888933667,0,0,-0.49237782784290063,0.29985443959243085,0,1,0,0.1494405332789171
526,527,1,2,0,1.5622412209265812,0,0,-0.43700743807979686,0.29985443959243085,0,0,1,0.7007045242339359
527,528,0,1,1,0.0,0,0,3.817033162951754,0.3838383838383838,0,0,1,0.14893905497932342
528,529,0,3,1,0.7157433627828591,0,0,-0.4888542575852486,0.29985443959243085,0,0,1,0.1484409310496267
529,530,0,2,1,-0.5155262490625547,2,1,-0.41687275089321363,0.29985443959243085,0,0,1,0.14794612794612794
530,531,1,2,0,-2.1315676146096605,1,1,-0.12491978668775715,0.29985443959243085,0,0,1,0.7031986531986532
531,532,0,3,1,0.0,0,0,-0.5028639729296732,0.29985443959243085,1,0,0,0.14745461257089162
532,533,0,3,1,-0.977252353504585,1,1,-0.5028639729296732,0.29985443959243085,1,0,0,0.1469663522643655
533,534,1,3,0,0.0,0,2,-0.19824427701513722,0.29985443959243085,1,0,0,0.8076820839978734
534,535,0,3,0,0.02315420611981384,0,0,-0.47400492578514347,0.29985443959243085,0,0,1,0.7056515568912263
535,536,1,2,0,-1.7467958609079686,0,2,-0.11988611489111134,0.29985443959243085,0,0,1,0.6998675277363802
536,537,0,1,1,1.1774694672248893,0,0,-0.11384570873513637,0.3838383838383838,0,0,1,0.6919191919191919
537,538,1,1,0,0.02315420611981384,0,0,1.4944124302931971,0.29985443959243085,1,0,0,0.7023076291368974
538,539,0,3,1,0.0,0,0,-0.35646868933346404,0.29985443959243085,0,0,1,0.14648131479814647
539,540,1,1,0,-0.5924805998028931,0,2,0.3482453621969482,0.3838383838383838,1,0,0,0.7047083740632127
540,541,1,1,0,0.48488031056184405,0,2,0.7811411367084872,0.46875932984085916,0,0,1,0.7070707070707071
541,542,0,3,0,-1.5928871594272918,4,2,-0.01870931177853076,0.29985443959243085,0,0,1,0.7093955427288761
542,543,0,3,0,-1.4389784579466152,4,2,-0.01870931177853076,0.29985443959243085,0,0,1,0.7038097510538455
543,544,1,2,1,0.17706290760049057,1,0,-0.12491978668775715,0.29985443959243085,0,0,1,0.1459994683678894
544,545,0,1,1,1.5622412209265812,1,0,1.4944124302931971,0.3838383838383838,1,0,0,0.14879947011094552
545,546,0,1,1,2.6396021312913183,0,0,-0.12491978668775715,0.29985443959243085,0,0,1,0.14831319733280515
546,547,1,2,0,-0.8233436520239081,1,0,-0.12491978668775715,0.29985443959243085,0,0,1,0.8101797192706284
547,548,1,2,1,0.0,0,0,-0.3693045524149108,0.29985443959243085,1,0,0,0.1478300924554996
548,549,0,3,1,0.25401725834082894,1,1,-0.2351571990343002,0.29985443959243085,0,0,1,0.15059687786960513
549,550,1,2,1,-1.6698415101676303,1,1,0.09152810056801232,0.29985443959243085,0,0,1,0.49569771791994016
550,551,1,1,1,-0.977252353504585,0,2,1.5841789061771412,0.3838383838383838,1,0,0,0.15010950933281028
551,552,0,2,1,-0.20770884610120124,0,0,-0.12491978668775715,0.29985443959243085,0,0,1,0.15285109156076898
552,553,0,3,1,0.0,0,0,-0.49078316061772326,0.29985443959243085,0,1,0,0.1523596089512488
553,554,1,3,1,-0.5924805998028931,0,0,-0.5029485386158568,0.29985443959243085,1,0,0,0.15187127687127686
554,555,1,3,0,-0.5924805998028931,0,0,-0.4918744606632361,0.29985443959243085,0,0,1,0.6983112373737373
555,556,0,1,1,2.4856934298106417,0,0,-0.11384570873513637,0.29985443959243085,0,0,1,0.154580953302998
556,557,1,1,0,1.4083325194459044,1,0,0.1489119590497745,0.3838383838383838,1,0,0,0.3838383838383838
557,558,0,1,1,0.0,0,0,3.9327230485884233,0.29985443959243085,1,0,0,0.15408865727337065
558,559,1,1,0,0.7157433627828591,1,1,0.955306180872432,0.46875932984085916,0,0,1,0.8126133126133126
559,560,1,3,0,0.48488031056184405,1,0,-0.29807809649237277,0.29985443959243085,0,0,1,0.8149852959979542
560,561,0,3,1,0.0,0,0,-0.49237782784290063,0.29985443959243085,0,1,0,0.15359948693282025
561,562,0,3,1,0.7926977135231975,0,0,-0.4894421904510968,0.29985443959243085,0,0,1,0.15311341260708347
562,563,0,2,1,-0.1307544953608629,0,0,-0.3766033765200472,0.29985443959243085,0,0,1,0.1526304049963356
563,564,0,3,1,0.0,0,0,-0.4863374216869257,0.29985443959243085,0,0,1,0.15215043516930307
564,565,0,3,0,0.0,0,0,-0.4863374216869257,0.29985443959243085,0,0,1,0.7006499099522355
565,566,0,3,1,-0.4385718983222164,2,0,-0.1621689579829361,0.29985443959243085,0,0,1,0.1516734745574871
566,567,0,3,1,-0.8233436520239081,0,0,-0.4894421904510968,0.29985443959243085,0,0,1,0.15119949494949494
567,568,0,3,0,-0.05380014462052453,0,4,-0.22408312108167944,0.29985443959243085,0,0,1,0.8172979797979798
568,569,0,3,1,0.0,0,0,-0.5028639729296732,0.29985443959243085,1,0,0,0.15072846848547783
569,570,1,3,1,0.17706290760049057,0,0,-0.4902797934380587,0.29985443959243085,0,0,1,0.150260367651672
570,571,1,2,1,2.4856934298106417,0,0,-0.43700743807979686,0.29985443959243085,0,0,1,0.15289114050723956
571,572,1,1,0,1.7931042731475964,2,0,0.38809593507663365,0.3838383838383838,0,0,1,0.8072078812819553
572,573,1,1,1,0.48488031056184405,0,0,-0.11711759540295616,0.8342886191558616,0,0,1,0.15550567402419252
573,574,1,3,0,0.0,0,0,-0.49237782784290063,0.29985443959243085,0,1,0,0.6952602952602952
574,575,0,3,1,-1.0542067042449232,0,0,-0.4863374216869257,0.29985443959243085,0,0,1,0.1581041181041181
575,576,0,3,1,-0.8233436520239081,0,0,-0.35646868933346404,0.29985443959243085,0,0,1,0.1576191361467435
576,577,1,2,0,0.3309716090811673,0,0,-0.3866707201133388,0.29985443959243085,0,0,1,0.6975865525483845
577,578,1,1,0,0.7157433627828591,1,0,0.4771073601910807,0.46875932984085916,0,0,1,0.8095590046809559
578,579,0,3,0,0.0,1,0,-0.3573083057891445,0.29985443959243085,1,0,0,0.8118534745040769
579,580,1,3,1,0.17706290760049057,0,0,-0.4888542575852486,0.29985443959243085,0,0,1,0.1571371204398727
580,581,1,2,0,-0.361617547581878,1,1,-0.04438103794142432,0.29985443959243085,0,0,1,0.6998775635139272
581,582,1,1,0,0.7157433627828591,1,1,1.5841789061771412,0.46875932984085916,1,0,0,0.8021885521885521
582,583,0,2,1,1.8700586238879346,0,0,-0.12491978668775715,0.29985443959243085,0,0,1,0.15970682434097067
583,584,0,1,1,0.48488031056184405,0,0,0.15948266982273065,0.3838383838383838,1,0,0,0.15922139326394644
584,585,0,3,1,0.0,0,0,-0.47299819142581434,0.29985443959243085,1,0,0,0.15873890419344963
585,586,1,1,0,-0.9002980027642465,0,2,0.955306180872432,0.3838383838383838,0,0,1,0.7021341231867547
586,587,0,2,1,1.3313781687055661,0,0,-0.3464013457401724,0.29985443959243085,0,0,1,0.15825933046476853
587,588,1,1,1,2.3317847283299646,1,1,0.9462455716384695,0.3838383838383838,1,0,0,0.15778264573445294
588,589,0,3,1,-0.5924805998028931,0,0,-0.4863374216869257,0.29985443959243085,0,0,1,0.16031182697849364
589,590,0,3,1,0.0,0,0,-0.4863374216869257,0.29985443959243085,0,0,1,0.15983185144861792
590,591,0,3,1,0.40792595982150565,0,0,-0.5049620073345151,0.29985443959243085,0,0,1,0.15935474144429368
591,592,1,1,0,1.7161499224072578,1,0,0.9274538680872313,0.8342886191558616,1,0,0,0.8045157456922163
592,593,0,3,1,1.3313781687055661,0,0,-0.5024451714361923,0.29985443959243085,0,0,1,0.15888047138047137
593,594,0,3,0,0.0,0,2,-0.49237782784290063,0.29985443959243085,0,1,0,0.7043570028644656
594,595,0,2,1,0.5618346613021824,1,0,-0.12491978668775715,0.29985443959243085,0,0,1,0.15840901597578155
595,596,0,3,1,0.48488031056184405,1,1,-0.1621689579829361,0.29985443959243085,0,0,1,0.15794035024804254
596,597,1,2,0,0.0,0,0,0.016023023618325298,0.29985443959243085,0,0,1,0.699139543583988
597,598,0,3,1,1.4852868701862427,0,0,-0.6484216535389205,0.29985443959243085,0,0,1,0.15747444950984774
598,599,0,3,1,0.0,0,0,-0.5029485386158568,0.29985443959243085,1,0,0,0.15701128936423053
599,600,1,1,1,1.4852868701862427,1,0,0.49782998024351216,0.3838383838383838,1,0,0,0.3838383838383838
600,601,1,2,0,-0.4385718983222164,2,1,-0.10478509950117394,0.29985443959243085,0,0,1,0.8067888184167253
601,602,0,3,1,0.0,0,0,-0.4894421904510968,0.29985443959243085,0,0,1,0.1565508457004058
602,603,0,1,1,0.0,0,0,0.2052890831722074,0.29985443959243085,0,0,1,0.1560930946895859
603,604,0,3,1,1.100515116484551,0,0,-0.4863374216869257,0.29985443959243085,0,0,1,0.15563801278086992
604,605,1,1,1,0.40792595982150565,0,0,-0.11384570873513637,0.29985443959243085,1,0,0,0.1551855766972046
605,606,0,3,1,0.48488031056184405,1,0,-0.3353272677875516,0.29985443959243085,0,0,1,0.15763431415605328
606,607,0,3,1,0.02315420611981384,0,0,-0.4894421904510968,0.29985443959243085,0,0,1,0.15717872365271207
607,608,1,1,1,-0.20770884610120124,0,0,-0.034313694348132716,0.29985443959243085,0,0,1,0.15672575903123454
608,609,1,2,0,-0.5924805998028931,1,2,0.18876253192945994,0.29985443959243085,1,0,0,0.8090096365958435
609,610,1,1,0,0.7926977135231975,0,0,2.441497778832105,0.8342886191558616,0,0,1,0.7013517528223411
610,611,0,3,0,0.7157433627828591,1,5,-0.01870931177853076,0.29985443959243085,0,0,1,0.8111799816345271
611,612,0,3,1,0.0,0,0,-0.5064721088735089,0.29985443959243085,0,0,1,0.1591489608730988
612,613,1,3,0,0.0,1,0,-0.3363340021468808,0.29985443959243085,0,1,0,0.7035316670353167
613,614,0,3,1,0.0,0,0,-0.49237782784290063,0.29985443959243085,0,1,0,0.1586929466585627
614,615,0,3,1,0.40792595982150565,0,0,-0.4863374216869257,0.29985443959243085,0,0,1,0.15823953823953824
615,616,1,2,0,-0.4385718983222164,1,2,0.6603330135889879,0.29985443959243085,0,0,1,0.705679988288684
616,617,0,3,1,0.3309716090811673,1,1,-0.35848215805212236,0.29985443959243085,0,0,1,0.1577887133442689
617,618,0,3,0,-0.2846631968415396,1,0,-0.32425318983493084,0.29985443959243085,0,0,1,0.8020655998184087
618,619,1,2,0,-1.9776589131289837,2,1,0.13683114673782454,0.8342886191558616,0,0,1,0.7077973984448804
619,620,0,2,1,-0.2846631968415396,0,0,-0.43700743807979686,0.29985443959243085,0,0,1,0.1573404499540863
620,621,0,3,1,-0.20770884610120124,1,0,-0.3573908580066095,0.29985443959243085,1,0,0,0.15689472629982545
621,622,1,1,1,0.9466064150038742,1,0,0.40974072380221066,0.3838383838383838,0,0,1,0.1564515208583005
622,623,1,3,1,-0.7463893012835698,1,1,-0.33146744825388363,0.29985443959243085,1,0,0,0.1588277137572912
623,624,0,3,1,-0.6694349505432314,0,0,-0.4902797934380587,0.29985443959243085,0,0,1,0.161190557257973
624,625,0,3,1,-0.6694349505432314,0,0,-0.32425318983493084,0.29985443959243085,0,0,1,0.16073904309198425
625,626,0,1,1,2.4087390790703034,0,0,0.002347544081197954,0.3838383838383838,0,0,1,0.16029005135150384
626,627,0,2,1,2.1009216761089498,0,0,-0.3997582667846179,0.29985443959243085,0,1,0,0.09595959595959595
627,628,1,1,0,-0.6694349505432314,0,0,0.921244330558889,0.3838383838383838,0,0,1,0.7098845598845599
628,629,0,3,1,-0.2846631968415396,0,0,-0.4894421904510968,0.29985443959243085,0,0,1,0.15984356095776708
629,630,0,3,1,0.0,0,0,-0.49271407711891657,0.29985443959243085,0,1,0,0.15939955106621773
630,631,1,1,1,3.8708717431367323,0,0,-0.04438103794142432,0.3838383838383838,0,0,1,0.15895800106326421
631,632,0,3,1,1.6391955716669195,0,0,-0.5063875431873253,0.29985443959243085,0,0,1,0.16128132150231597
632,633,1,1,1,0.17706290760049057,0,0,-0.034313694348132716,0.3838383838383838,1,0,0,0.09595959595959595
633,634,0,1,1,0.0,0,0,-0.6484216535389205,0.29985443959243085,0,0,1,0.16083702034115258
634,635,0,3,0,-1.5928871594272918,3,2,-0.08666388103324908,0.29985443959243085,0,0,1,0.7119421161974353
635,636,1,2,0,-0.1307544953608629,0,0,-0.3866707201133388,0.29985443959243085,0,0,1,0.7069284393228055
636,637,0,3,1,0.17706290760049057,0,0,-0.4888542575852486,0.29985443959243085,0,0,1,0.16039516039516039
637,638,0,2,1,0.1001085568601522,1,1,-0.11988611489111134,0.29985443959243085,0,0,1,0.1599557215995572
638,639,0,3,0,0.8696520642635358,0,5,0.1506737441786005,0.29985443959243085,0,0,1,0.7931537598204265
639,640,0,3,1,0.0,1,0,-0.32425318983493084,0.29985443959243085,0,0,1,0.15951868410884804
640,641,0,3,1,-0.7463893012835698,0,0,-0.4902797934380587,0.29985443959243085,0,0,1,0.15908402829383755
641,642,1,1,0,-0.4385718983222164,0,0,0.7469121684912956,0.8342886191558616,1,0,0,0.3838383838383838
642,643,0,3,0,-2.1315676146096605,3,2,-0.08666388103324908,0.29985443959243085,0,0,1,0.7089778907960725
643,644,1,3,1,0.0,0,0,0.48910360681684706,0.29985443959243085,0,0,1,0.15865173473869126
644,645,1,3,0,-2.2277605530350835,2,1,-0.26066180729354516,0.29985443959243085,1,0,0,0.7040544332210998
645,646,1,1,1,1.4083325194459044,1,0,0.8964967865378598,0.8342886191558616,1,0,0,0.16093181133831538
646,647,0,3,1,-0.8233436520239081,0,0,-0.4894421904510968,0.29985443959243085,0,0,1,0.1631995631995632
647,648,1,1,1,2.0239673253686115,0,0,0.06635974158478332,0.3838383838383838,1,0,0,0.3838383838383838
648,649,0,3,1,0.0,0,0,-0.49640476528021726,0.29985443959243085,0,0,1,0.16275967219363444
649,650,1,3,0,-0.5155262490625547,0,0,-0.49640476528021726,0.29985443959243085,0,0,1,0.7060954371299198
650,651,0,3,1,0.0,0,0,-0.4894421904510968,0.29985443959243085,0,0,1,0.16232214619311391
651,652,1,2,0,-0.9002980027642465,0,1,-0.18532384824750675,0.29985443959243085,0,0,1,0.7081084820810848
652,653,0,3,1,-0.6694349505432314,0,0,-0.47861979608830835,0.29985443959243085,0,0,1,0.1618869661765104
653,654,1,3,0,0.0,0,0,-0.49078316061772326,0.29985443959243085,0,1,0,0.7100941386655673
654,655,0,3,0,-0.9002980027642465,0,0,-0.5125125150294839,0.29985443959243085,0,1,0,0.712052962052962
655,656,0,2,1,-0.4385718983222164,2,0,0.8314778546749452,0.29985443959243085,0,0,1,0.16145411332577106
656,657,0,3,1,0.0,0,0,-0.4894421904510968,0.29985443959243085,0,0,1,0.161023569023569
657,658,0,3,0,0.17706290760049057,1,1,-0.3363340021468808,0.29985443959243085,0,1,0,0.7844377844377844
658,659,0,2,1,-0.5155262490625547,0,0,-0.3866707201133388,0.29985443959243085,0,0,1,0.160595314850634
659,660,0,1,1,2.177876026849288,0,2,1.6323350375212924,0.3838383838383838,1,0,0,0.16016933258312568
660,661,1,1,1,1.5622412209265812,2,0,2.042579288947925,0.29985443959243085,0,0,1,0.2767676767676768
661,662,0,3,1,0.7926977135231975,0,0,-0.5029485386158568,0.29985443959243085,1,0,0,0.15974560419004863
662,663,0,1,1,1.3313781687055661,0,0,-0.13322534515222276,0.3838383838383838,0,0,1,0.15932411183070813
663,664,0,3,1,0.48488031056184405,0,0,-0.4974960653257301,0.29985443959243085,0,0,1,0.15890483785220627
664,665,1,3,1,-0.7463893012835698,1,0,-0.4888542575852486,0.29985443959243085,0,0,1,0.15848776478697738
665,666,0,2,1,0.17706290760049057,2,0,0.8314778546749452,0.29985443959243085,0,0,1,0.16069067639748266
666,667,0,2,1,-0.361617547581878,0,0,-0.3866707201133388,0.29985443959243085,0,0,1,0.16027111849566156
667,668,0,3,1,0.0,0,0,-0.4918744606632361,0.29985443959243085,0,0,1,0.15985374579124578
668,669,0,3,1,1.0235607657442125,0,0,-0.4863374216869257,0.29985443959243085,0,0,1,0.15943854125672308
669,670,1,1,0,0.0,1,0,0.39858208016340624,0.8342886191558616,0,0,1,0.775911286780852
670,671,1,2,0,0.7926977135231975,1,1,0.13683114673782454,0.29985443959243085,0,0,1,0.7783208428369718
671,672,0,1,1,0.1001085568601522,1,0,0.39858208016340624,0.3838383838383838,0,0,1,0.1590254880410321
672,673,0,2,1,3.1013282357333485,0,0,-0.43700743807979686,0.29985443959243085,0,0,1,0.15861456946728264
673,674,1,2,1,0.1001085568601522,0,0,-0.3866707201133388,0.29985443959243085,0,0,1,0.15820576903051128
674,675,0,2,1,0.0,0,0,-0.6484216535389205,0.29985443959243085,0,0,1,0.16036976448287502
675,676,0,3,1,-0.9002980027642465,0,0,-0.4918744606632361,0.29985443959243085,0,0,1,0.15995855995855995
676,677,0,3,1,-0.4000947229520472,0,0,-0.4863374216869257,0.29985443959243085,0,0,1,0.15954945878219534
677,678,1,3,0,-0.9002980027642465,0,0,-0.45026210265472455,0.29985443959243085,0,0,1,0.7072740831130092
678,679,0,3,0,1.0235607657442125,1,6,0.2958951755118318,0.29985443959243085,0,0,1,0.7806791317429614
679,680,1,1,1,0.48488031056184405,0,1,9.667166525013505,0.46875932984085916,1,0,0,0.15914244485673057
680,681,0,3,0,0.0,0,0,-0.48457563655809965,0.29985443959243085,0,1,0,0.7092255892255892
681,682,1,1,1,-0.20770884610120124,0,0,0.8964967865378598,0.3838383838383838,1,0,0,0.16128203151103915
682,683,0,3,1,-0.7463893012835698,0,0,-0.4626791642426904,0.29985443959243085,0,0,1,0.16341075731938676
683,684,0,3,1,-1.2081154057256,5,2,0.2958951755118318,0.29985443959243085,0,0,1,0.16299705919959084
684,685,0,2,1,2.3317847283299646,1,1,0.13683114673782454,0.29985443959243085,0,0,1,0.16258545046423833
685,686,0,2,1,-0.361617547581878,1,2,0.18876253192945994,0.29985443959243085,1,0,0,0.16217591532452993
686,687,0,3,1,-1.2081154057256,4,1,0.1506737441786005,0.29985443959243085,0,0,1,0.1617684381503477
687,688,0,3,1,-0.8233436520239081,0,0,-0.44363577710162005,0.29985443959243085,0,0,1,0.16136300346826662
688,689,0,3,1,-0.9002980027642465,0,0,-0.49145565916975514,0.29985443959243085,0,0,1,0.16095959595959594
689,690,1,1,0,-1.1311610549852615,0,1,3.6067927997556075,0.8342886191558616,0,0,1,0.7045287310187972
690,691,1,1,1,0.1001085568601522,1,0,0.49925551609632224,0.8342886191558616,0,0,1,0.16055820045844982
691,692,1,3,0,-1.9776589131289837,0,1,-0.37828059596268965,0.29985443959243085,1,0,0,0.7064726209463051
692,693,1,3,1,0.0,0,0,0.48910360681684706,0.29985443959243085,0,0,1,0.16264636413890143
693,694,0,3,1,-0.361617547581878,0,0,-0.5029485386158568,0.29985443959243085,1,0,0,0.1647241647241647
694,695,0,1,1,2.3317847283299646,0,0,-0.11384570873513637,0.29985443959243085,0,0,1,0.6919191919191919
695,696,0,2,1,1.7161499224072578,0,0,-0.3766033765200472,0.29985443959243085,0,0,1,0.1643164316431643
696,697,0,3,1,1.100515116484551,0,0,-0.4863374216869257,0.29985443959243085,0,0,1,0.1639107120588602
697,698,1,3,0,0.0,0,0,-0.49271407711891657,0.29985443959243085,0,1,0,0.7083911005479633
698,699,0,1,1,1.4852868701862427,1,1,1.5841789061771412,0.46875932984085916,1,0,0,0.163506991093198
699,700,0,3,1,0.9466064150038742,0,0,-0.494391296561559,0.3838383838383838,0,0,1,0.16310525401434492
700,701,1,1,0,-0.9002980027642465,1,0,3.9327230485884233,0.3838383838383838,1,0,0,0.772461456671983
701,702,1,1,1,0.40792595982150565,0,0,-0.11913106412161445,0.8342886191558616,0,0,1,0.162705486234898
702,703,0,3,0,-0.9002980027642465,0,1,-0.3573908580066095,0.29985443959243085,1,0,0,0.7102846648301193
703,704,0,3,1,-0.361617547581878,0,0,-0.4925449457465493,0.29985443959243085,0,1,0,0.1647526610851794
704,705,0,3,1,-0.2846631968415396,1,0,-0.4902797934380587,0.29985443959243085,0,0,1,0.16435082532643508
705,706,0,2,1,0.7157433627828591,0,0,-0.12491978668775715,0.29985443959243085,0,0,1,0.16395094497284277
706,707,1,2,0,1.1774694672248893,0,0,-0.3766033765200472,0.29985443959243085,0,0,1,0.7748316498316498
707,708,1,1,1,0.9466064150038742,0,0,-0.11913106412161445,0.8342886191558616,0,0,1,0.16355300578601548
708,709,1,1,0,-0.5924805998028931,0,0,2.4029901895877646,0.29985443959243085,0,0,1,0.705702183121538
709,710,1,3,1,0.0,1,1,-0.3414522396297103,0.29985443959243085,1,0,0,0.5137085137085137
710,711,1,1,0,-0.4385718983222164,0,0,0.3483299278831318,0.3838383838383838,1,0,0,0.6919191919191919
711,712,0,1,1,0.0,0,0,-0.11384570873513637,0.1032300405258567,0,0,1,0.1655783011715215
712,713,1,1,1,1.4083325194459044,1,0,0.39858208016340624,0.8342886191558616,0,0,1,0.16517835358415067
713,714,0,3,1,-0.05380014462052453,0,0,-0.457478374542396,0.29985443959243085,0,0,1,0.16718997200924912
714,715,0,2,1,1.7161499224072578,0,0,-0.3866707201133388,0.29985443959243085,0,0,1,0.16678807303807303
715,716,0,3,1,-0.8233436520239081,0,0,-0.494391296561559,0.1032300405258567,0,0,1,0.1663881016399002
716,717,1,1,0,0.6387890120425208,0,0,3.9327230485884233,0.3838383838383838,1,0,0,0.7075887075887076
717,718,1,2,0,-0.20770884610120124,0,0,-0.43700743807979686,0.9265517349156649,0,0,1,0.7094511998970597
718,719,0,3,1,0.0,0,0,-0.3363340021468808,0.29985443959243085,0,1,0,0.1659900439804746
719,720,0,3,1,0.25401725834082894,0,0,-0.4918744606632361,0.29985443959243085,0,0,1,0.1655938863576095
720,721,1,2,0,-1.8237502116483069,0,1,0.016023023618325298,0.29985443959243085,0,0,1,0.7112901163534074
721,722,0,3,1,-0.977252353504585,1,0,-0.5063875431873253,0.29985443959243085,0,0,1,0.16519961519961518
722,723,0,2,1,0.3309716090811673,0,0,-0.3866707201133388,0.29985443959243085,0,0,1,0.16480721706374912
723,724,0,2,1,1.5622412209265812,0,0,-0.3866707201133388,0.29985443959243085,0,0,1,0.16441667863468812
724,725,1,1,1,-0.20770884610120124,1,0,0.4207302360686478,0.8342886191558616,0,0,1,0.16402798672302218
725,726,0,3,1,-0.7463893012835698,0,0,-0.47400492578514347,0.29985443959243085,0,0,1,0.1659996188298075
726,727,1,2,0,0.02315420611981384,3,0,-0.22559322262067316,0.29985443959243085,0,0,1,0.7771529730292617
727,728,1,3,0,0.0,0,0,-0.4926295114327329,0.29985443959243085,0,1,0,0.7131059017851471
728,729,0,2,1,-0.361617547581878,1,0,-0.12491978668775715,0.29985443959243085,0,0,1,0.16560903149138442
729,730,0,3,0,-0.361617547581878,1,0,-0.4888542575852486,0.29985443959243085,0,0,1,0.7148989898989899
730,731,1,1,0,-0.05380014462052453,0,0,3.6067927997556075,0.8342886191558616,0,0,1,0.7104586235021018
731,732,0,3,1,-1.4389784579466152,0,0,-0.2701412180209885,0.29985443959243085,1,0,0,0.16522027789633423
732,733,0,2,1,0.0,0,0,-0.6484216535389205,0.29985443959243085,0,0,1,0.164833345161214
733,734,0,2,1,-0.5155262490625547,0,0,-0.3866707201133388,0.29985443959243085,0,0,1,0.16444822052298688
734,735,0,2,1,-0.5155262490625547,0,0,-0.3866707201133388,0.29985443959243085,0,0,1,0.1640648913376186
735,736,0,3,1,-0.0922773199906937,0,0,-0.32425318983493084,0.29985443959243085,0,0,1,0.16368334507869392
736,737,0,3,0,1.4083325194459044,1,3,0.04370821849987721,0.29985443959243085,0,0,1,0.7794269222840651
737,738,1,1,1,0.40792595982150565,0,0,9.667166525013505,0.3838383838383838,1,0,0,0.16330356933605192
738,739,0,3,1,0.0,0,0,-0.4894421904510968,0.29985443959243085,0,0,1,0.1652403666292555
739,740,0,3,1,0.0,0,0,-0.4894421904510968,0.29985443959243085,0,0,1,0.16485874915436116
740,741,1,1,1,0.0,0,0,-0.04438103794142432,0.3838383838383838,0,0,1,0.16447889028534188
741,742,0,1,1,0.48488031056184405,1,0,0.9391984311231651,0.3838383838383838,0,0,1,0.166399628468594
742,743,1,1,0,-0.6694349505432314,2,2,4.634416897040849,0.8342886191558616,1,0,0,0.7122459159496196
743,744,0,3,1,-0.4385718983222164,1,0,-0.32425318983493084,0.29985443959243085,0,0,1,0.16601797794458345
744,745,1,3,1,0.1001085568601522,0,0,-0.4888542575852486,0.29985443959243085,0,0,1,0.1656380741048933
745,746,0,1,1,3.1013282357333485,1,1,0.7811411367084872,0.46875932984085916,0,0,1,0.3838383838383838
746,747,0,3,1,-1.0542067042449232,1,1,-0.24069423801061057,0.29985443959243085,0,0,1,0.16754301000876343
747,748,1,2,0,0.02315420611981384,0,0,-0.3866707201133388,0.29985443959243085,0,0,1,0.7140112784284564
748,749,0,1,1,-0.8233436520239081,1,0,0.4207302360686478,0.3838383838383838,0,0,1,0.16716136306113527
749,750,0,3,1,0.1001085568601522,0,0,-0.49237782784290063,0.29985443959243085,0,1,0,0.16678145087235996
750,751,1,2,0,-1.9776589131289837,1,1,-0.18532384824750675,0.29985443959243085,0,0,1,0.7157551120965755
751,752,1,3,1,-1.8237502116483069,0,1,-0.397241430886295,0.8342886191558616,0,0,1,0.5304771856495994
752,753,0,3,1,0.25401725834082894,0,0,-0.45714212526638004,0.29985443959243085,0,0,1,0.16640326164135688
753,754,0,3,1,-0.5155262490625547,0,0,-0.4894421904510968,0.29985443959243085,0,0,1,0.1660267836738425
754,755,1,2,0,1.4083325194459044,1,2,0.6603330135889879,0.29985443959243085,0,0,1,0.7715539230690746
755,756,1,2,1,-2.23391690109431,1,1,-0.35646868933346404,0.29985443959243085,0,0,1,0.5461279461279461
756,757,0,3,1,-0.1307544953608629,0,0,-0.49145565916975514,0.29985443959243085,0,0,1,0.165652005381125
757,758,0,2,1,-0.9002980027642465,0,0,-0.41687275089321363,0.29985443959243085,0,0,1,0.16527891527891528
758,759,0,3,1,0.3309716090811673,0,0,-0.4863374216869257,0.29985443959243085,0,0,1,0.16490750198615367
759,760,1,1,0,0.25401725834082894,0,0,1.093228788100527,0.8342886191558616,0,0,1,0.3838383838383838
760,761,0,3,1,0.0,0,0,-0.35646868933346404,0.29985443959243085,0,0,1,0.16453775422385286
761,762,0,3,1,0.8696520642635358,0,0,-0.5049620073345151,0.29985443959243085,0,0,1,0.16416966081395612
762,763,1,3,1,-0.7463893012835698,0,0,-0.5028639729296732,0.29985443959243085,1,0,0,0.16380321067821066
763,764,1,1,0,0.48488031056184405,1,2,1.7677408088510642,0.9707779973350347,0,0,1,0.7738383838383838
764,765,0,3,1,-1.0542067042449232,0,0,-0.4918744606632361,0.29985443959243085,0,0,1,0.16566556432926144
765,766,1,1,0,1.6391955716669195,1,0,0.921244330558889,0.3838383838383838,0,0,1,0.7760776077607761
766,767,0,1,1,0.0,0,0,0.1489119590497745,0.29985443959243085,1,0,0,0.3973063973063973
767,768,0,3,0,0.061631381489983025,0,0,-0.49237782784290063,0.29985443959243085,0,1,0,0.7174778083868992
768,769,0,3,1,0.0,1,0,-0.1621689579829361,0.29985443959243085,0,1,0,0.16529741863075195
769,770,0,3,1,0.17706290760049057,0,0,-0.4800453319411184,0.29985443959243085,0,0,1,0.16493090550740216
770,771,0,3,1,-0.4385718983222164,0,0,-0.45714212526638004,0.29985443959243085,0,0,1,0.16456601412353625
771,772,0,3,1,1.4083325194459044,0,0,-0.4902797934380587,0.29985443959243085,0,0,1,0.16420273373915759
772,773,0,2,0,2.1009216761089498,0,0,-0.43700743807979686,0.3838383838383838,0,0,1,0.7782729253317489
773,774,0,3,1,0.0,0,0,-0.5029485386158568,0.29985443959243085,1,0,0,0.16384105370889512
774,775,1,2,0,1.8700586238879346,1,3,-0.18532384824750675,0.29985443959243085,0,0,1,0.770716877512994
775,776,0,3,1,-0.9002980027642465,0,0,-0.49237782784290063,0.29985443959243085,0,0,1,0.16348096348096347
776,777,0,3,1,0.0,0,0,-0.49237782784290063,0.3838383838383838,0,1,0,0.1631224525961368
777,778,1,3,0,-1.9007045623886454,0,0,-0.397241430886295,0.29985443959243085,0,0,1,0.7131556529146891
778,779,0,3,1,0.0,0,0,-0.4926295114327329,0.29985443959243085,0,1,0,0.16276551068673606
779,780,1,1,0,1.0235607657442125,0,1,3.6067927997556075,0.3838383838383838,0,0,1,0.7729215229215229
780,781,1,3,0,-1.2850697564659384,0,0,-0.5028639729296732,0.29985443959243085,1,0,0,0.7148732837355591
781,782,1,1,0,-0.977252353504585,1,0,0.49925551609632224,0.8342886191558616,0,0,1,0.775084175084175
782,783,0,1,1,-0.05380014462052453,0,0,-0.04438103794142432,0.3838383838383838,0,0,1,0.16241012747562966
783,784,0,3,1,0.0,1,2,-0.17626323901354432,0.29985443959243085,0,0,1,0.16205629277524702
784,785,0,3,1,-0.361617547581878,0,0,-0.5064721088735089,0.29985443959243085,0,0,1,0.16170399648660516
785,786,0,3,1,-0.361617547581878,0,0,-0.5024451714361923,0.29985443959243085,0,0,1,0.1613532285983479
786,787,1,3,0,-0.9002980027642465,0,0,-0.4974960653257301,0.29985443959243085,0,0,1,0.7165704665704665
787,788,0,3,1,-1.6698415101676303,4,1,-0.06199888922968463,0.29985443959243085,0,1,0,0.5607689801238188
788,789,1,3,1,-2.208521965349999,1,2,-0.23415046467497105,0.29985443959243085,0,0,1,0.5432449494949495
789,790,0,1,1,1.2544238179652276,0,0,0.9462455716384695,0.3838383838383838,1,0,0,0.16100397918579737
790,791,0,3,1,0.0,0,0,-0.49237782784290063,0.29985443959243085,0,1,0,0.1606562384100181
791,792,0,2,1,-1.0542067042449232,0,0,-0.12491978668775715,0.29985443959243085,0,0,1,0.16030999651689307
792,793,0,3,0,0.0,8,2,0.7519458402879414,0.29985443959243085,0,0,1,0.7182475644014106
793,794,0,1,1,0.0,0,0,-0.030371322596999754,0.29985443959243085,1,0,0,0.15996524383621158
794,795,0,3,1,-0.361617547581878,0,0,-0.4894421904510968,0.29985443959243085,0,0,1,0.15962197078076906
795,796,0,2,1,0.7157433627828591,0,0,-0.3866707201133388,0.29985443959243085,0,0,1,0.15928016784547833
796,797,1,1,0,1.4852868701862427,0,0,-0.1263453225405672,0.8342886191558616,0,0,1,0.34054834054834054
797,798,1,3,0,0.1001085568601522,0,0,-0.4735861242916626,0.29985443959243085,0,0,1,0.7772060224890414
798,799,0,3,1,0.02315420611981384,0,0,-0.5028639729296732,0.29985443959243085,1,0,0,0.15893982560649228
799,800,0,3,0,0.02315420611981384,1,1,-0.1621689579829361,0.29985443959243085,0,0,1,0.7792882091947512
800,801,0,2,1,0.3309716090811673,0,0,-0.3866707201133388,0.29985443959243085,0,0,1,0.1586009347203377
801,802,1,2,0,0.1001085568601522,1,1,-0.11988611489111134,0.29985443959243085,0,0,1,0.7720725776281332
802,803,1,1,1,-1.4389784579466152,1,2,1.7677408088510642,0.9707779973350347,0,0,1,0.5570860116314662
803,804,1,3,1,-2.2531554887793948,0,1,-0.47694056317694733,0.29985443959243085,1,0,0,0.5701128936423054
804,805,1,3,1,-0.20770884610120124,0,0,-0.5079822104125026,0.29985443959243085,0,0,1,0.1582634859230604
805,806,0,3,1,0.1001085568601522,0,0,-0.4918744606632361,0.29985443959243085,0,0,1,0.16005061227991163
806,807,0,1,1,0.7157433627828591,0,0,-0.6484216535389205,0.3838383838383838,0,0,1,0.15971152199965757
807,808,0,3,0,-0.9002980027642465,0,0,-0.4918744606632361,0.29985443959243085,0,0,1,0.7140225787284611
808,809,0,2,1,0.7157433627828591,0,0,-0.3866707201133388,0.29985443959243085,0,0,1,0.15937386550494373
809,810,1,1,0,0.25401725834082894,1,0,0.4207302360686478,0.8342886191558616,0,0,1,0.7741636548975999
810,811,0,3,1,-0.2846631968415396,0,0,-0.4896093083547455,0.29985443959243085,0,0,1,0.15903763372117802
811,812,0,3,1,0.7157433627828591,0,0,-0.1621689579829361,0.29985443959243085,0,0,1,0.15870281765018607
812,813,0,2,1,0.40792595982150565,0,0,-0.43700743807979686,0.29985443959243085,0,0,1,0.15836940836940835
813,814,0,3,0,-1.8237502116483069,4,2,-0.01870931177853076,0.29985443959243085,0,0,1,0.7098470080926221
814,815,0,3,1,0.061631381489983025,0,0,-0.4863374216869257,0.29985443959243085,0,0,1,0.15803739703110772
815,816,0,1,1,0.0,0,0,-0.6484216535389205,0.3838383838383838,0,0,1,0.15770677486158657
816,817,0,3,0,-0.5155262490625547,0,0,-0.4888542575852486,0.29985443959243085,0,0,1,0.7057199906037115
817,818,0,2,1,0.1001085568601522,1,1,0.09664633805084172,0.29985443959243085,1,0,0,0.15737753316041417
818,819,0,3,1,1.0235607657442125,0,0,-0.5185529211854588,0.29985443959243085,0,0,1,0.1570496632996633
819,820,0,3,1,-1.5159328086869535,3,2,-0.08666388103324908,0.29985443959243085,0,0,1,0.5823953823953824
820,821,1,1,0,1.7161499224072578,1,1,1.2341715984066093,0.3838383838383838,0,0,1,0.776216712580349
821,822,1,3,1,-0.20770884610120124,0,0,-0.47400492578514347,0.29985443959243085,0,0,1,0.1567231567231567
822,823,0,1,1,0.6387890120425208,0,0,-0.6484216535389205,0.29985443959243085,0,0,1,0.3838383838383838
823,824,1,3,0,-0.20770884610120124,0,1,-0.397241430886295,0.8342886191558616,0,0,1,0.7782327782327783
824,825,0,3,1,-2.1315676146096605,4,1,0.1506737441786005,0.29985443959243085,0,0,1,0.5662177328843996
825,826,0,3,1,0.0,0,0,-0.5084855775921673,0.29985443959243085,0,1,0,0.15847269374240328
826,827,0,3,1,0.0,0,0,0.48910360681684706,0.29985443959243085,0,0,1,0.15814459292720162
827,828,1,2,1,-2.208521965349999,0,2,0.09664633805084172,0.29985443959243085,1,0,0,0.5509145509145509
828,829,1,3,1,0.0,0,0,-0.49237782784290063,0.29985443959243085,0,1,0,0.15781784790049252
829,830,1,1,0,2.4856934298106417,0,0,0.962353321387736,0.8342886191558616,0,0,0,0.7802128427128426
830,831,1,3,0,-1.1311610549852615,1,0,-0.3573908580066095,0.29985443959243085,1,0,0,0.7821578618038795
831,832,1,2,1,-2.2216042049758564,1,1,-0.2708962687904854,0.29985443959243085,0,0,1,0.5627325890483785
832,833,0,3,1,0.0,0,0,-0.5028639729296732,0.29985443959243085,1,0,0,0.15955430594605852
833,834,0,3,1,-0.5155262490625547,0,0,-0.4902797934380587,0.29985443959243085,0,0,1,0.15922600490501723
834,835,0,3,1,-0.9002980027642465,0,0,-0.48130374989027985,0.29985443959243085,0,0,1,0.15889905212287142
835,836,1,1,0,0.7157433627828591,1,1,1.0259447039291216,0.3838383838383838,1,0,0,0.7016406842996438
836,837,0,3,1,-0.6694349505432314,0,0,-0.47400492578514347,0.29985443959243085,0,0,1,0.15857343931114423
837,838,0,3,1,0.0,0,0,-0.4863374216869257,0.29985443959243085,0,0,1,0.15824915824915825
838,839,1,3,1,0.17706290760049057,0,0,0.48910360681684706,0.29985443959243085,0,0,1,0.15792620078334363
839,840,1,1,1,0.0,0,0,-0.05042144409739929,0.3838383838383838,1,0,0,0.15964121870435516
840,841,0,3,1,-0.7463893012835698,0,0,-0.4888542575852486,0.29985443959243085,0,0,1,0.16134926500780158
841,842,0,2,1,-1.0542067042449232,0,0,-0.43700743807979686,0.29985443959243085,0,0,1,0.1610219845513963
842,843,1,1,0,0.02315420611981384,0,0,-0.024246350754841113,0.29985443959243085,1,0,0,0.7033553930105654
843,844,0,3,1,0.3694487844513365,0,0,-0.5188046047752911,0.29985443959243085,1,0,0,0.16069602911708175
844,845,0,3,1,-0.977252353504585,0,0,-0.47400492578514347,0.29985443959243085,0,0,1,0.16037139067442097
845,846,0,3,1,0.9466064150038742,0,0,-0.49640476528021726,0.29985443959243085,0,0,1,0.16004806125773868
846,847,0,3,1,0.0,8,2,0.7519458402879414,0.29985443959243085,0,0,1,0.15972603296546958
847,848,0,3,1,0.40792595982150565,0,0,-0.4894421904510968,0.29985443959243085,1,0,0,0.15940529795951483
848,849,0,2,1,-0.1307544953608629,0,1,0.016023023618325298,0.29985443959243085,0,0,1,0.07676767676767676
849,850,1,1,0,0.0,1,0,1.145663540471827,0.8342886191558616,1,0,0,0.7840687577529682
850,851,0,3,1,-1.9776589131289837,4,2,-0.01870931177853076,0.29985443959243085,0,0,1,0.573944573944574
851,852,0,3,1,3.409145638694702,0,0,-0.4918744606632361,0.29985443959243085,0,0,1,0.15908584846460597
852,853,0,3,0,-1.5928871594272918,1,1,-0.3414522396297103,0.29985443959243085,1,0,0,0.705050505050505
853,854,1,1,0,-1.0542067042449232,0,1,0.14488502161245778,0.3838383838383838,0,0,1,0.701044536271809
854,855,0,2,0,1.100515116484551,1,0,-0.12491978668775715,0.29985443959243085,0,0,1,0.7859464207290294
855,856,1,3,0,-0.9002980027642465,0,1,-0.4601623283443675,0.29985443959243085,0,0,1,0.7791710205503308
856,857,1,1,0,1.1774694672248893,1,1,2.671117778445337,0.29985443959243085,0,0,1,0.7810584477251143
857,858,1,1,1,1.6391955716669195,0,0,-0.11384570873513637,0.3838383838383838,0,0,1,0.15876767676767675
858,859,1,3,0,-0.4385718983222164,0,3,-0.26066180729354516,0.29985443959243085,1,0,0,0.7829138846087998
859,860,0,3,1,0.0,0,0,-0.5028639729296732,0.29985443959243085,1,0,0,0.1604467832012742
860,861,0,3,1,0.8696520642635358,2,0,-0.36435544630444866,0.29985443959243085,0,0,1,0.1601271680952956
861,862,0,2,1,-0.6694349505432314,1,0,-0.41687275089321363,0.29985443959243085,0,0,1,0.15980882382472839
862,863,1,1,0,1.4083325194459044,0,0,-0.1263453225405672,0.8342886191558616,0,0,1,0.7847381376793141
863,864,0,3,0,0.0,8,2,0.7519458402879414,0.29985443959243085,0,0,1,0.7027335501911773
864,865,0,2,1,-0.4385718983222164,0,0,-0.3866707201133388,0.29985443959243085,0,0,1,0.15949174282507614
865,866,1,2,0,0.9466064150038742,0,0,-0.3866707201133388,0.29985443959243085,0,0,1,0.7865319865319865
866,867,1,2,0,-0.20770884610120124,1,0,-0.3693891181010945,0.29985443959243085,1,0,0,0.6987856088979685
867,868,0,1,1,0.1001085568601522,0,0,0.3682954836973478,0.3838383838383838,0,0,1,0.15917591759175917
868,869,0,3,1,0.0,0,0,-0.45714212526638004,0.29985443959243085,0,0,1,0.15886134067952248
869,870,1,3,1,-1.9776589131289837,1,1,-0.4242561406845337,0.29985443959243085,0,0,1,0.5595959595959596
870,871,0,3,1,-0.2846631968415396,0,0,-0.4894421904510968,0.29985443959243085,0,0,1,0.15854800470185085
871,872,1,1,0,1.3313781687055661,1,1,0.40974072380221066,0.8342886191558616,0,0,1,0.7882961849903999
872,873,0,1,1,0.25401725834082894,0,0,-0.5477482176060045,0.46875932984085916,0,0,1,0.1582359023303905
873,874,0,3,1,1.3313781687055661,0,0,-0.46720946885967163,0.29985443959243085,0,0,1,0.15792502629437796
874,875,1,2,0,-0.1307544953608629,1,0,-0.16518916106092355,0.29985443959243085,1,0,0,0.7900314621626097
875,876,1,3,0,-1.1311610549852615,0,0,-0.5029485386158568,0.29985443959243085,1,0,0,0.7004683708594323
876,877,0,3,1,-0.7463893012835698,0,0,-0.45017955043725955,0.29985443959243085,0,0,1,0.15761536938007525
877,878,0,3,1,-0.8233436520239081,0,0,-0.4894421904510968,0.29985443959243085,0,0,1,0.1573069244302121
878,879,0,3,1,0.0,0,0,-0.4894421904510968,0.29985443959243085,0,0,1,0.15699968434343434
879,880,1,1,0,2.0239673253686115,0,1,1.0259447039291216,0.3838383838383838,1,0,0,0.7917385234458405
880,881,1,2,0,-0.361617547581878,0,1,-0.12491978668775715,0.29985443959243085,0,0,1,0.7934180514825676
881,882,0,3,1,0.25401725834082894,0,0,-0.4894421904510968,0.29985443959243085,0,0,1,0.15669364207375902
882,883,0,3,0,-0.5924805998028931,0,0,-0.4366711888037809,0.29985443959243085,0,0,1,0.7021324354657688
883,884,0,2,1,-0.1307544953608629,0,0,-0.43700743807979686,0.29985443959243085,0,0,1,0.15638879063003577
884,885,0,3,1,-0.361617547581878,0,0,-0.5064721088735089,0.29985443959243085,0,0,1,0.15608512307541433
885,886,0,3,0,0.7157433627828591,0,5,-0.06199888922968463,0.29985443959243085,0,1,0,0.795070707070707
886,887,0,2,1,-0.20770884610120124,0,0,-0.3866707201133388,0.29985443959243085,0,0,1,0.06397306397306397
887,888,1,1,0,-0.8233436520239081,0,0,-0.04438103794142432,0.3838383838383838,0,0,1,0.6982532507394386
888,889,0,3,0,0.0,1,2,-0.17626323901354432,0.29985443959243085,0,0,1,0.6999111999111999
889,890,1,1,1,-0.2846631968415396,0,0,-0.04438103794142432,0.3838383838383838,1,0,0,0.15578263252681857
890,891,0,3,1,0.17706290760049057,0,0,-0.49237782784290063,0.29985443959243085,0,1,0,0.15741554813121544
